Time(s),Target_Vx,Go1_Vx,Target_YawRate,Go1_YawRate,Target_Roll,Go1_Roll,Stab_Roll,Obj_Roll,Target_Pitch,Go1_Pitch,Stab_Pitch,Obj_Pitch,Go1_Accel_X,Go1_Accel_Y,Go1_Accel_Z
0.007,0.300,-0.001,0.000,0.002,0.000,2.854,-2.661,0.000,0.000,2.397,2.998,0.000,-0.425,0.451,9.685
0.017,0.300,-0.001,0.000,0.002,0.000,2.854,-2.661,0.000,0.000,2.398,2.998,0.000,-0.423,0.546,9.759
0.033,0.300,-0.001,0.000,0.002,0.000,2.854,-3.495,0.000,0.000,2.398,3.056,0.000,-0.423,0.546,9.759
0.044,0.300,-0.001,0.000,0.007,0.000,2.854,-3.495,0.000,0.000,2.395,3.056,0.000,-0.415,0.466,9.634
0.055,0.300,-0.001,0.000,0.007,0.000,2.854,-3.495,0.000,0.000,2.395,3.056,0.000,-0.415,0.466,9.634
0.065,0.300,0.002,0.000,0.065,0.000,2.867,-3.495,0.000,0.000,2.315,3.056,0.000,4.849,1.300,-2.807
0.076,0.300,0.002,0.000,0.065,0.000,2.867,-3.495,0.000,0.000,2.315,3.056,0.000,4.849,1.300,-2.807
0.087,0.300,0.056,0.000,-0.016,0.000,2.912,-3.495,0.000,0.000,1.929,3.056,0.000,-1.875,2.136,13.366
0.098,0.300,0.056,0.000,-0.016,0.000,2.912,-3.495,0.000,0.000,1.929,3.056,0.000,-1.875,2.136,13.366
0.108,0.300,0.059,0.000,-0.032,0.000,3.140,1.002,0.000,0.000,1.938,-10.298,0.000,-0.254,0.385,13.730
0.119,0.300,0.086,0.000,-0.004,0.000,3.204,1.002,0.000,0.000,2.013,-10.298,0.000,1.408,0.519,11.285
0.130,0.300,0.086,0.000,-0.004,0.000,3.204,1.002,0.000,0.000,2.013,-10.298,0.000,1.408,0.519,11.285
0.140,0.300,0.114,0.000,-0.029,0.000,3.049,1.002,0.000,0.000,1.848,-10.298,0.000,1.880,0.514,7.948
0.151,0.300,0.114,0.000,-0.029,0.000,3.049,1.002,0.000,0.000,1.848,-10.298,0.000,1.880,0.514,7.948
0.162,0.300,0.148,0.000,-0.059,0.000,2.832,1.002,0.000,0.000,1.343,-10.298,0.000,2.101,0.432,5.697
0.172,0.300,0.200,0.000,0.070,0.000,2.954,1.002,0.000,0.000,0.605,-10.298,0.000,3.027,-0.866,5.676
0.183,0.300,0.200,0.000,0.070,0.000,2.954,1.002,0.000,0.000,0.605,-10.298,0.000,3.027,-0.866,5.676
0.193,0.300,0.221,0.000,0.015,0.000,2.961,1.002,0.000,0.000,0.377,-10.298,0.000,1.270,-1.209,15.514
0.203,0.300,0.221,0.000,0.015,0.000,2.961,1.002,0.000,0.000,0.377,-10.298,0.000,1.270,-1.209,15.514
0.214,0.300,0.267,0.000,-0.012,0.000,2.714,-14.498,0.000,0.000,0.172,0.520,0.000,-1.832,0.002,19.033
0.224,0.300,0.267,0.000,-0.012,0.000,2.714,-14.498,0.000,0.000,0.172,0.520,0.000,-1.832,0.002,19.033
0.235,0.300,0.256,0.000,0.046,0.000,2.465,-5.300,0.000,0.000,0.329,-11.534,0.000,1.846,0.810,10.879
0.245,0.300,0.256,0.000,0.046,0.000,2.465,-5.300,0.000,0.000,0.329,-11.534,0.000,1.846,0.810,10.879
0.255,0.300,0.277,0.000,0.061,0.000,2.489,-5.300,0.000,0.000,0.445,-11.534,0.000,1.085,-0.712,8.828
0.265,0.300,0.277,0.000,0.061,0.000,2.489,-5.300,0.000,0.000,0.445,-11.534,0.000,1.085,-0.712,8.828
0.276,0.300,0.289,0.000,0.116,0.000,2.710,-5.300,0.000,0.000,0.517,-11.534,0.000,0.716,0.040,8.903
0.286,0.300,0.289,0.000,0.116,0.000,2.710,-3.355,0.000,0.000,0.517,-0.852,0.000,0.716,0.040,8.903
0.297,0.300,0.283,0.000,0.132,0.000,2.810,-3.355,0.000,0.000,0.418,-0.852,0.000,1.079,0.140,9.595
0.307,0.300,0.283,0.000,0.132,0.000,2.810,-16.336,0.000,0.000,0.418,1.425,0.000,1.079,0.140,9.595
0.317,0.300,0.306,0.000,0.025,0.000,2.618,-16.336,0.000,0.000,0.232,1.425,0.000,0.792,2.385,5.858
0.327,0.300,0.306,0.000,0.025,0.000,2.618,-8.778,0.000,0.000,0.232,-6.383,0.000,0.792,2.385,5.858
0.338,0.300,0.338,0.000,0.028,0.000,2.321,-8.778,0.000,0.000,-0.082,-6.383,0.000,0.286,2.699,5.369
0.348,0.300,0.338,0.000,0.028,0.000,2.321,-8.778,0.000,0.000,-0.082,-6.383,0.000,0.286,2.699,5.369
0.358,0.300,0.347,0.000,-0.071,0.000,2.235,-8.778,0.000,0.000,-0.123,-6.383,0.000,2.672,-2.308,-4.675
0.369,0.300,0.347,0.000,-0.071,0.000,2.235,-8.778,0.000,0.000,-0.123,-6.383,0.000,2.672,-2.308,-4.675
0.379,0.300,0.412,0.000,-0.056,0.000,2.465,3.132,0.000,0.000,-0.050,-16.239,0.000,-2.300,0.285,18.614
0.389,0.300,0.412,0.000,-0.056,0.000,2.465,3.132,0.000,0.000,-0.050,-16.239,0.000,-2.300,0.285,18.614
0.399,0.300,0.377,0.000,-0.038,0.000,2.372,1.320,0.000,0.000,0.332,-7.487,0.000,-0.316,-0.849,12.530
0.410,0.300,0.377,0.000,-0.038,0.000,2.372,1.320,0.000,0.000,0.332,-7.487,0.000,-0.316,-0.849,12.530
0.420,0.300,0.380,0.000,-0.028,0.000,1.995,4.373,0.000,0.000,0.629,-3.627,0.000,1.359,1.234,7.962
0.431,0.300,0.380,0.000,-0.028,0.000,1.995,4.373,0.000,0.000,0.629,-3.627,0.000,1.359,1.234,7.962
0.441,0.300,0.390,0.000,-0.095,0.000,1.715,4.373,0.000,0.000,0.882,-3.627,0.000,0.326,1.258,6.502
0.452,0.300,0.390,0.000,-0.095,0.000,1.715,4.373,0.000,0.000,0.882,-3.627,0.000,0.326,1.258,6.502
0.462,0.300,0.381,0.000,-0.090,0.000,1.581,4.373,0.000,0.000,0.938,-3.627,0.000,0.796,0.073,7.648
0.472,0.300,0.381,0.000,-0.090,0.000,1.581,4.373,0.000,0.000,0.938,-3.627,0.000,0.796,0.073,7.648
0.483,0.300,0.410,0.000,-0.030,0.000,1.659,4.373,0.000,0.000,0.843,-3.627,0.000,0.892,-0.675,9.523
0.500,0.300,0.451,0.000,0.059,0.000,1.965,9.423,0.000,0.000,0.649,-1.761,0.000,0.627,-2.966,6.671
0.510,0.300,0.451,0.000,0.059,0.000,1.965,5.916,0.000,0.000,0.649,-8.585,0.000,0.627,-2.966,6.671
0.521,0.300,0.443,0.000,-0.092,0.000,2.080,5.916,0.000,0.000,0.582,-8.585,0.000,2.634,-2.457,15.283
0.536,0.300,0.443,0.000,-0.092,0.000,2.080,-16.291,0.000,0.000,0.582,4.185,0.000,2.634,-2.457,15.283
0.546,0.300,0.430,0.000,-0.081,0.000,1.564,-16.291,0.000,0.000,0.551,4.185,0.000,-3.032,-1.106,8.398
0.556,0.300,0.430,0.000,-0.081,0.000,1.564,-16.291,0.000,0.000,0.551,4.185,0.000,-3.032,-1.106,8.398
0.567,0.300,0.401,0.000,-0.042,0.000,1.471,-16.291,0.000,0.000,0.675,4.185,0.000,-0.754,1.156,8.982
0.577,0.300,0.401,0.000,-0.042,0.000,1.471,-16.291,0.000,0.000,0.675,4.185,0.000,-0.754,1.156,8.982
0.588,0.300,0.386,0.000,-0.037,0.000,1.511,11.604,0.000,0.000,0.767,16.970,0.000,0.025,1.665,7.903
0.598,0.300,0.386,0.000,-0.037,0.000,1.511,1.547,0.000,0.000,0.767,7.090,0.000,0.025,1.665,7.903
0.609,0.300,0.379,0.000,0.016,0.000,1.705,1.547,0.000,0.000,0.822,7.090,0.000,0.078,-0.412,7.844
0.619,0.300,0.379,0.000,0.016,0.000,1.705,1.547,0.000,0.000,0.822,7.090,0.000,0.078,-0.412,7.844
0.633,0.300,0.376,0.000,0.029,0.000,1.721,-5.016,0.000,0.000,0.612,6.977,0.000,1.274,1.623,8.283
0.643,0.300,0.376,0.000,0.029,0.000,1.721,-5.564,0.000,0.000,0.612,4.201,0.000,1.274,1.623,8.283
0.654,0.300,0.396,0.000,0.023,0.000,1.430,-5.564,0.000,0.000,0.405,4.201,0.000,-0.090,0.517,11.759
0.666,0.300,0.396,0.000,0.023,0.000,1.430,-5.564,0.000,0.000,0.405,4.201,0.000,-0.090,0.517,11.759
0.677,0.300,0.391,0.000,0.119,0.000,1.467,-5.564,0.000,0.000,0.567,4.201,0.000,1.840,0.231,3.595
0.687,0.300,0.391,0.000,0.119,0.000,1.467,10.211,0.000,0.000,0.567,-13.578,0.000,1.840,0.231,3.595
0.700,0.300,0.415,0.000,0.062,0.000,1.347,-7.712,0.000,0.000,0.628,10.319,0.000,-3.117,-0.167,12.835
0.710,0.300,0.415,0.000,0.062,0.000,1.347,7.099,0.000,0.000,0.628,-7.391,0.000,-3.117,-0.167,12.835
0.720,0.300,0.398,0.000,0.016,0.000,1.308,7.099,0.000,0.000,0.966,-7.391,0.000,0.052,0.174,11.720
0.731,0.300,0.398,0.000,0.016,0.000,1.308,-0.750,0.000,0.000,0.966,0.565,0.000,0.052,0.174,11.720
0.741,0.300,0.387,0.000,-0.046,0.000,1.104,-0.750,0.000,0.000,1.159,0.565,0.000,0.874,-0.052,5.730
0.751,0.300,0.387,0.000,-0.046,0.000,1.104,-0.750,0.000,0.000,1.159,0.565,0.000,0.874,-0.052,5.730
0.762,0.300,0.388,0.000,-0.139,0.000,1.012,-0.750,0.000,0.000,1.255,0.565,0.000,-0.396,0.234,7.538
0.772,0.300,0.388,0.000,-0.139,0.000,1.012,-0.750,0.000,0.000,1.255,0.565,0.000,-0.396,0.234,7.538
0.783,0.300,0.369,0.000,-0.192,0.000,0.954,-0.750,0.000,0.000,1.192,0.565,0.000,0.063,-0.187,7.283
0.793,0.300,0.369,0.000,-0.192,0.000,0.954,-0.750,0.000,0.000,1.192,0.565,0.000,0.063,-0.187,7.283
0.803,0.300,0.381,0.000,-0.107,0.000,1.032,1.364,0.000,0.000,1.052,-0.599,0.000,0.688,-0.659,9.498
0.813,0.300,0.381,0.000,-0.107,0.000,1.032,1.364,0.000,0.000,1.052,-0.599,0.000,0.688,-0.659,9.498
0.824,0.300,0.414,0.000,0.035,0.000,1.374,13.698,0.000,0.000,0.851,-7.208,0.000,1.615,-2.235,5.508
0.834,0.300,0.414,0.000,0.035,0.000,1.374,5.183,0.000,0.000,0.851,1.735,0.000,1.615,-2.235,5.508
0.845,0.300,0.402,0.000,-0.064,0.000,1.741,5.183,0.000,0.000,0.716,1.735,0.000,3.950,-5.832,16.034
0.855,0.300,0.402,0.000,-0.064,0.000,1.741,5.183,0.000,0.000,0.716,1.735,0.000,3.950,-5.832,16.034
0.866,0.300,0.392,0.000,-0.062,0.000,1.157,5.183,0.000,0.000,0.732,1.735,0.000,-1.729,0.085,10.206
0.876,0.300,0.397,0.000,-0.049,0.000,1.094,5.183,0.000,0.000,0.875,1.735,0.000,0.401,0.222,10.002
0.886,0.300,0.397,0.000,-0.049,0.000,1.094,5.183,0.000,0.000,0.875,1.735,0.000,0.401,0.222,10.002
0.897,0.300,0.375,0.000,-0.037,0.000,1.217,-36.919,0.000,0.000,1.014,-6.137,0.000,0.994,0.168,8.255
0.907,0.300,0.375,0.000,-0.037,0.000,1.217,-13.016,0.000,0.000,1.014,6.380,0.000,0.994,0.168,8.255
0.917,0.300,0.381,0.000,0.047,0.000,1.477,-13.016,0.000,0.000,1.077,6.380,0.000,0.013,-0.228,6.140
0.927,0.300,0.381,0.000,0.047,0.000,1.477,6.929,0.000,0.000,1.077,5.749,0.000,0.013,-0.228,6.140
0.938,0.300,0.372,0.000,0.112,0.000,1.658,6.929,0.000,0.000,0.984,5.749,0.000,0.606,-0.856,7.650
0.948,0.300,0.372,0.000,0.112,0.000,1.658,-1.165,0.000,0.000,0.984,0.244,0.000,0.606,-0.856,7.650
0.959,0.300,0.380,0.000,0.066,0.000,1.653,-1.165,0.000,0.000,0.806,0.244,0.000,0.877,1.898,7.717
0.969,0.300,0.380,0.000,0.066,0.000,1.653,-1.165,0.000,0.000,0.806,0.244,0.000,0.877,1.898,7.717
0.980,0.300,0.404,0.000,-0.028,0.000,1.234,-1.165,0.000,0.000,0.534,0.244,0.000,1.630,2.988,4.542
0.990,0.300,0.404,0.000,-0.028,0.000,1.234,-1.165,0.000,0.000,0.534,0.244,0.000,1.630,2.988,4.542
1.001,0.300,0.401,0.000,0.113,0.000,1.416,-1.165,0.000,0.000,0.727,0.244,0.000,2.097,-3.039,8.739
1.016,0.300,0.398,0.000,0.027,0.000,1.383,10.197,0.000,0.000,0.919,3.706,0.000,-3.182,0.030,13.438
1.027,0.300,0.398,0.000,0.027,0.000,1.383,10.197,0.000,0.000,0.919,3.706,0.000,-3.182,0.030,13.438
1.037,0.300,0.396,0.000,-0.011,0.000,1.305,10.197,0.000,0.000,1.242,3.706,0.000,-0.116,0.888,12.270
1.049,0.300,0.396,0.000,-0.011,0.000,1.305,-1.578,0.000,0.000,1.242,14.219,0.000,-0.116,0.888,12.270
1.059,0.300,0.385,0.000,-0.015,0.000,1.124,-1.578,0.000,0.000,1.393,14.219,0.000,-0.304,-0.912,10.391
1.070,0.300,0.385,0.000,-0.015,0.000,1.124,-1.578,0.000,0.000,1.393,14.219,0.000,-0.304,-0.912,10.391
1.083,0.300,0.383,0.000,-0.106,0.000,1.141,-1.578,0.000,0.000,1.389,14.219,0.000,-0.682,-0.299,7.069
1.093,0.300,0.361,0.000,-0.119,0.000,1.273,-1.578,0.000,0.000,1.276,14.219,0.000,0.396,-1.347,8.855
1.104,0.300,0.361,0.000,-0.119,0.000,1.273,-1.578,0.000,0.000,1.276,14.219,0.000,0.396,-1.347,8.855
1.114,0.300,0.374,0.000,-0.056,0.000,1.456,-1.578,0.000,0.000,1.112,14.219,0.000,1.225,-0.752,9.612
1.125,0.300,0.374,0.000,-0.056,0.000,1.456,-1.578,0.000,0.000,1.112,14.219,0.000,1.225,-0.752,9.612
1.135,0.300,0.409,0.000,0.086,0.000,1.739,-3.231,0.000,0.000,0.944,8.849,0.000,2.862,0.096,4.221
1.146,0.300,0.409,0.000,0.086,0.000,1.739,1.922,0.000,0.000,0.944,-9.036,0.000,2.862,0.096,4.221
1.156,0.300,0.420,0.000,-0.030,0.000,2.083,1.922,0.000,0.000,0.904,-9.036,0.000,1.987,-2.264,12.672
1.167,0.300,0.420,0.000,-0.030,0.000,2.083,1.922,0.000,0.000,0.904,-9.036,0.000,1.987,-2.264,12.672
1.183,0.300,0.423,0.000,-0.063,0.000,1.721,1.922,0.000,0.000,0.863,-9.036,0.000,-3.998,-1.640,8.891
1.194,0.300,0.423,0.000,-0.063,0.000,1.721,-5.323,0.000,0.000,0.863,1.234,0.000,-3.998,-1.640,8.891
1.204,0.300,0.408,0.000,-0.091,0.000,1.618,-0.627,0.000,0.000,1.046,20.058,0.000,0.686,0.519,9.219
1.216,0.300,0.397,0.000,-0.039,0.000,1.721,1.721,0.000,0.000,1.156,0.931,0.000,0.255,-0.688,11.377
1.227,0.300,0.397,0.000,-0.039,0.000,1.721,1.721,0.000,0.000,1.156,0.931,0.000,0.255,-0.688,11.377
1.237,0.300,0.394,0.000,0.003,0.000,1.904,-0.743,0.000,0.000,1.175,6.351,0.000,-0.771,0.108,6.140
1.247,0.300,0.394,0.000,0.003,0.000,1.904,-0.743,0.000,0.000,1.175,6.351,0.000,-0.771,0.108,6.140
1.258,0.300,0.379,0.000,0.098,0.000,1.993,-0.743,0.000,0.000,1.078,6.351,0.000,0.442,-0.244,6.968
1.268,0.300,0.379,0.000,0.098,0.000,1.993,-0.743,0.000,0.000,1.078,6.351,0.000,0.442,-0.244,6.968
1.278,0.300,0.393,0.000,0.067,0.000,1.934,-0.743,0.000,0.000,0.882,6.351,0.000,1.376,1.552,6.889
1.289,0.300,0.393,0.000,0.067,0.000,1.934,-0.743,0.000,0.000,0.882,6.351,0.000,1.376,1.552,6.889
1.300,0.300,0.416,0.000,-0.060,0.000,1.514,-23.890,0.000,0.000,0.654,-12.228,0.000,1.782,1.071,10.764
1.310,0.300,0.416,0.000,-0.060,0.000,1.514,-23.890,0.000,0.000,0.654,-12.228,0.000,1.782,1.071,10.764
1.321,0.300,0.415,0.000,-0.004,0.000,1.677,12.202,0.000,0.000,0.884,1.505,0.000,1.802,-1.038,1.292
1.331,0.300,0.415,0.000,-0.004,0.000,1.677,12.202,0.000,0.000,0.884,1.505,0.000,1.802,-1.038,1.292
1.341,0.300,0.404,0.000,-0.021,0.000,1.614,-12.159,0.000,0.000,1.063,11.147,0.000,-3.387,-0.267,12.157
1.352,0.300,0.404,0.000,-0.021,0.000,1.614,-12.159,0.000,0.000,1.063,11.147,0.000,-3.387,-0.267,12.157
1.362,0.300,0.385,0.000,-0.016,0.000,1.453,-12.159,0.000,0.000,1.405,11.147,0.000,0.014,0.544,12.558
1.372,0.300,0.385,0.000,-0.016,0.000,1.453,-12.159,0.000,0.000,1.405,11.147,0.000,0.014,0.544,12.558
1.382,0.300,0.377,0.000,-0.037,0.000,1.205,-12.159,0.000,0.000,1.580,11.147,0.000,0.427,0.297,5.525
1.393,0.300,0.377,0.000,-0.037,0.000,1.205,-12.159,0.000,0.000,1.580,11.147,0.000,0.427,0.297,5.525
1.403,0.300,0.375,0.000,-0.074,0.000,1.129,-12.159,0.000,0.000,1.578,11.147,0.000,-1.039,0.139,6.508
1.413,0.300,0.375,0.000,-0.074,0.000,1.129,-0.014,0.000,0.000,1.578,12.715,0.000,-1.039,0.139,6.508
1.424,0.300,0.357,0.000,-0.130,0.000,1.231,-3.482,0.000,0.000,1.469,13.621,0.000,-0.300,0.221,6.779
1.434,0.300,0.357,0.000,-0.130,0.000,1.231,-3.482,0.000,0.000,1.469,13.621,0.000,-0.300,0.221,6.779
1.444,0.300,0.369,0.000,-0.075,0.000,1.353,-1.321,0.000,0.000,1.303,-2.633,0.000,0.888,-0.685,8.779
1.455,0.300,0.401,0.000,0.135,0.000,1.738,2.226,0.000,0.000,1.099,-4.340,0.000,1.314,-2.446,12.036
1.465,0.300,0.401,0.000,0.135,0.000,1.738,2.226,0.000,0.000,1.099,-4.340,0.000,1.314,-2.446,12.036
1.475,0.300,0.387,0.000,-0.116,0.000,1.947,2.226,0.000,0.000,1.129,-4.340,0.000,1.958,-3.743,18.450
1.485,0.300,0.387,0.000,-0.116,0.000,1.947,2.226,0.000,0.000,1.129,-4.340,0.000,1.958,-3.743,18.450
1.495,0.300,0.385,0.000,-0.081,0.000,1.552,11.005,0.000,0.000,1.255,-4.149,0.000,-3.238,-0.202,7.483
1.506,0.300,0.385,0.000,-0.081,0.000,1.552,-1.130,0.000,0.000,1.255,2.465,0.000,-3.238,-0.202,7.483
1.516,0.300,0.385,0.000,-0.063,0.000,1.491,0.865,0.000,0.000,1.463,8.373,0.000,-1.405,1.829,9.559
1.526,0.300,0.385,0.000,-0.063,0.000,1.491,0.865,0.000,0.000,1.463,8.373,0.000,-1.405,1.829,9.559
1.536,0.300,0.364,0.000,-0.034,0.000,1.662,0.865,0.000,0.000,1.575,8.373,0.000,0.622,0.746,5.957
1.549,0.300,0.364,0.000,-0.034,0.000,1.662,-7.249,0.000,0.000,1.575,11.606,0.000,0.622,0.746,5.957
1.559,0.300,0.359,0.000,-0.037,0.000,1.873,15.199,0.000,0.000,1.555,5.026,0.000,-0.302,-0.241,7.776
1.570,0.300,0.359,0.000,-0.037,0.000,1.873,15.199,0.000,0.000,1.555,5.026,0.000,-0.302,-0.241,7.776
1.583,0.300,0.349,0.000,0.005,0.000,1.943,15.199,0.000,0.000,1.421,5.026,0.000,0.312,-1.378,5.717
1.593,0.300,0.359,0.000,-0.021,0.000,1.829,15.199,0.000,0.000,1.230,5.026,0.000,1.223,1.604,7.928
1.604,0.300,0.359,0.000,-0.021,0.000,1.829,15.199,0.000,0.000,1.230,5.026,0.000,1.223,1.604,7.928
1.614,0.300,0.385,0.000,-0.112,0.000,1.395,15.199,0.000,0.000,0.970,5.026,0.000,0.747,4.904,5.630
1.624,0.300,0.385,0.000,-0.112,0.000,1.395,15.199,0.000,0.000,0.970,5.026,0.000,0.747,4.904,5.630
1.635,0.300,0.388,0.000,0.033,0.000,1.606,-19.594,0.000,0.000,1.204,-2.666,0.000,1.495,1.238,1.469
1.645,0.300,0.388,0.000,0.033,0.000,1.606,7.542,0.000,0.000,1.204,-14.573,0.000,1.495,1.238,1.469
1.656,0.300,0.403,0.000,0.046,0.000,1.491,-8.014,0.000,0.000,1.378,0.106,0.000,-2.969,0.210,11.204
1.666,0.300,0.403,0.000,0.046,0.000,1.491,-8.014,0.000,0.000,1.378,0.106,0.000,-2.969,0.210,11.204
1.676,0.300,0.396,0.000,-0.045,0.000,1.327,-8.014,0.000,0.000,1.696,0.106,0.000,-0.816,1.340,9.254
1.686,0.300,0.396,0.000,-0.045,0.000,1.327,-8.014,0.000,0.000,1.696,0.106,0.000,-0.816,1.340,9.254
1.696,0.300,0.388,0.000,-0.045,0.000,1.143,-8.014,0.000,0.000,1.862,0.106,0.000,-0.106,-0.678,10.014
1.706,0.300,0.388,0.000,-0.045,0.000,1.143,-8.014,0.000,0.000,1.862,0.106,0.000,-0.106,-0.678,10.014
1.717,0.300,0.386,0.000,-0.100,0.000,1.149,-8.014,0.000,0.000,1.862,0.106,0.000,-0.786,0.337,6.519
1.727,0.300,0.386,0.000,-0.100,0.000,1.149,-0.513,0.000,0.000,1.862,11.376,0.000,-0.786,0.337,6.519
1.737,0.300,0.365,0.000,-0.127,0.000,1.218,-0.513,0.000,0.000,1.733,11.376,0.000,-0.474,0.361,7.653
1.749,0.300,0.365,0.000,-0.127,0.000,1.218,-5.053,0.000,0.000,1.733,1.411,0.000,-0.474,0.361,7.653
1.759,0.300,0.376,0.000,-0.061,0.000,1.357,-5.053,0.000,0.000,1.577,1.411,0.000,0.661,-0.335,8.608
1.769,0.300,0.376,0.000,-0.061,0.000,1.357,1.454,0.000,0.000,1.577,-3.252,0.000,0.661,-0.335,8.608
1.782,0.300,0.412,0.000,0.118,0.000,1.638,1.454,0.000,0.000,1.389,-3.252,0.000,3.279,-0.637,5.910
1.792,0.300,0.412,0.000,0.118,0.000,1.638,1.454,0.000,0.000,1.389,-3.252,0.000,3.279,-0.637,5.910
1.803,0.300,0.414,0.000,0.047,0.000,1.944,1.454,0.000,0.000,1.313,-3.252,0.000,3.316,-5.770,12.113
1.815,0.300,0.414,0.000,0.047,0.000,1.944,1.454,0.000,0.000,1.313,-3.252,0.000,3.316,-5.770,12.113
1.826,0.300,0.396,0.000,-0.056,0.000,1.476,8.110,0.000,0.000,1.318,-6.199,0.000,-2.408,-0.045,13.457
1.836,0.300,0.396,0.000,-0.056,0.000,1.476,9.801,0.000,0.000,1.318,19.547,0.000,-2.408,-0.045,13.457
1.850,0.300,0.399,0.000,-0.005,0.000,1.303,9.801,0.000,0.000,1.552,19.547,0.000,0.071,1.128,10.610
1.860,0.300,0.387,0.000,0.001,0.000,1.416,9.801,0.000,0.000,1.661,19.547,0.000,0.820,0.007,7.638
1.870,0.300,0.387,0.000,0.001,0.000,1.416,5.148,0.000,0.000,1.661,4.559,0.000,0.820,0.007,7.638
1.880,0.300,0.384,0.000,0.008,0.000,1.592,5.148,0.000,0.000,1.647,4.559,0.000,0.004,-0.271,5.436
1.890,0.300,0.384,0.000,0.008,0.000,1.592,5.148,0.000,0.000,1.647,4.559,0.000,0.004,-0.271,5.436
1.900,0.300,0.372,0.000,0.072,0.000,1.721,5.148,0.000,0.000,1.496,4.559,0.000,0.377,-0.809,6.317
1.911,0.300,0.372,0.000,0.072,0.000,1.721,5.148,0.000,0.000,1.496,4.559,0.000,0.377,-0.809,6.317
1.921,0.300,0.389,0.000,0.041,0.000,1.658,5.148,0.000,0.000,1.263,4.559,0.000,0.613,2.381,8.318
1.931,0.300,0.389,0.000,0.041,0.000,1.658,5.148,0.000,0.000,1.263,4.559,0.000,0.613,2.381,8.318
1.941,0.300,0.413,0.000,-0.093,0.000,1.139,5.148,0.000,0.000,1.005,4.559,0.000,1.434,1.762,10.743
1.951,0.300,0.413,0.000,-0.093,0.000,1.139,5.148,0.000,0.000,1.005,4.559,0.000,1.434,1.762,10.743
1.962,0.300,0.415,0.000,-0.017,0.000,1.352,5.148,0.000,0.000,1.220,4.559,0.000,1.337,-4.454,0.757
1.972,0.300,0.415,0.000,-0.017,0.000,1.352,-20.464,0.000,0.000,1.220,-12.254,0.000,1.337,-4.454,0.757
1.982,0.300,0.417,0.000,-0.038,0.000,1.322,-20.464,0.000,0.000,1.475,-12.254,0.000,-4.069,0.421,12.442
1.992,0.300,0.410,0.000,-0.038,0.000,1.136,-20.464,0.000,0.000,1.881,-12.254,0.000,-0.453,0.666,14.635
2.002,0.300,0.410,0.000,-0.038,0.000,1.136,-20.464,0.000,0.000,1.881,-12.254,0.000,-0.453,0.666,14.635
2.013,0.300,0.398,0.000,-0.008,0.000,0.880,-9.908,0.000,0.000,2.065,10.992,0.000,0.156,-1.575,8.490
2.023,0.300,0.398,0.000,-0.008,0.000,0.880,-9.908,0.000,0.000,2.065,10.992,0.000,0.156,-1.575,8.490
2.033,0.300,0.394,0.000,-0.060,0.000,0.867,-9.908,0.000,0.000,2.032,10.992,0.000,-1.206,0.332,4.801
2.049,0.300,0.394,0.000,-0.060,0.000,0.867,-5.792,0.000,0.000,2.032,10.644,0.000,-1.206,0.332,4.801
2.060,0.300,0.374,0.000,-0.065,0.000,0.939,-5.792,0.000,0.000,1.829,10.644,0.000,-0.057,-0.367,5.795
2.070,0.300,0.374,0.000,-0.065,0.000,0.939,3.119,0.000,0.000,1.829,7.062,0.000,-0.057,-0.367,5.795
2.080,0.300,0.384,0.000,0.005,0.000,1.106,3.552,0.000,0.000,1.577,2.917,0.000,0.765,-1.079,11.417
2.091,0.300,0.384,0.000,0.005,0.000,1.106,3.552,0.000,0.000,1.577,2.917,0.000,0.765,-1.079,11.417
2.101,0.300,0.416,0.000,0.141,0.000,1.463,3.552,0.000,0.000,1.334,2.917,0.000,-0.532,-3.768,17.301
2.116,0.300,0.409,0.000,0.019,0.000,2.014,3.552,0.000,0.000,1.101,2.917,0.000,-0.651,-1.784,18.487
2.126,0.300,0.409,0.000,0.019,0.000,2.014,0.564,0.000,0.000,1.101,-6.438,0.000,-0.651,-1.784,18.487
2.137,0.300,0.382,0.000,-0.100,0.000,1.491,-4.110,0.000,0.000,1.113,5.324,0.000,-3.840,-0.926,4.154
2.149,0.300,0.382,0.000,-0.100,0.000,1.491,27.102,0.000,0.000,1.113,16.104,0.000,-3.840,-0.926,4.154
2.160,0.300,0.390,0.000,-0.099,0.000,1.343,27.102,0.000,0.000,1.393,16.104,0.000,-1.508,1.706,9.427
2.170,0.300,0.390,0.000,-0.099,0.000,1.343,-3.972,0.000,0.000,1.393,-1.274,0.000,-1.508,1.706,9.427
2.183,0.300,0.378,0.000,0.025,0.000,1.499,-3.972,0.000,0.000,1.552,-1.274,0.000,0.473,1.530,7.779
2.193,0.300,0.378,0.000,0.025,0.000,1.499,-3.972,0.000,0.000,1.552,-1.274,0.000,0.473,1.530,7.779
2.204,0.300,0.374,0.000,0.029,0.000,1.756,-3.972,0.000,0.000,1.624,-1.274,0.000,0.196,-0.379,7.593
2.217,0.300,0.362,0.000,0.066,0.000,1.891,-3.972,0.000,0.000,1.613,-1.274,0.000,-0.044,-1.248,6.045
2.227,0.300,0.362,0.000,0.066,0.000,1.891,-3.972,0.000,0.000,1.613,-1.274,0.000,-0.044,-1.248,6.045
2.237,0.300,0.369,0.000,-0.031,0.000,1.866,-3.972,0.000,0.000,1.490,-1.274,0.000,1.583,1.322,10.633
2.247,0.300,0.369,0.000,-0.031,0.000,1.866,-3.972,0.000,0.000,1.490,-1.274,0.000,1.583,1.322,10.633
2.258,0.300,0.395,0.000,-0.095,0.000,1.460,-0.443,0.000,0.000,1.228,7.603,0.000,0.560,-0.186,17.317
2.268,0.300,0.395,0.000,-0.095,0.000,1.460,-6.606,0.000,0.000,1.228,-1.895,0.000,0.560,-0.186,17.317
2.278,0.300,0.404,0.000,0.114,0.000,1.583,12.862,0.000,0.000,1.332,-12.352,0.000,3.254,-2.085,-1.497
2.288,0.300,0.404,0.000,0.114,0.000,1.583,12.862,0.000,0.000,1.332,-12.352,0.000,3.254,-2.085,-1.497
2.298,0.300,0.408,0.000,0.016,0.000,1.625,12.862,0.000,0.000,1.443,-12.352,0.000,-3.641,-0.494,10.648
2.308,0.300,0.408,0.000,0.016,0.000,1.625,12.862,0.000,0.000,1.443,-12.352,0.000,-3.641,-0.494,10.648
2.319,0.300,0.391,0.000,-0.004,0.000,1.484,1.999,0.000,0.000,1.780,12.638,0.000,-0.241,0.795,12.995
2.329,0.300,0.391,0.000,-0.004,0.000,1.484,1.999,0.000,0.000,1.780,12.638,0.000,-0.241,0.795,12.995
2.339,0.300,0.385,0.000,0.045,0.000,1.319,-8.586,0.000,0.000,1.958,9.971,0.000,0.425,-0.210,7.309
2.350,0.300,0.385,0.000,0.045,0.000,1.319,-8.586,0.000,0.000,1.958,9.971,0.000,0.425,-0.210,7.309
2.360,0.300,0.380,0.000,-0.036,0.000,1.224,-8.586,0.000,0.000,1.927,9.971,0.000,-1.385,0.450,6.261
2.370,0.300,0.380,0.000,-0.036,0.000,1.224,3.998,0.000,0.000,1.927,11.283,0.000,-1.385,0.450,6.261
2.381,0.300,0.359,0.000,-0.071,0.000,1.257,3.998,0.000,0.000,1.750,11.283,0.000,-0.486,0.617,7.028
2.391,0.300,0.359,0.000,-0.071,0.000,1.257,3.998,0.000,0.000,1.750,11.283,0.000,-0.486,0.617,7.028
2.402,0.300,0.371,0.000,0.000,0.000,1.441,3.998,0.000,0.000,1.526,11.283,0.000,0.336,-0.427,9.423
2.416,0.300,0.371,0.000,0.000,0.000,1.441,4.879,0.000,0.000,1.526,-4.518,0.000,0.336,-0.427,9.423
2.427,0.300,0.400,0.000,0.130,0.000,1.901,9.505,0.000,0.000,1.240,4.426,0.000,1.045,-2.289,10.138
2.437,0.300,0.400,0.000,0.130,0.000,1.901,9.505,0.000,0.000,1.240,4.426,0.000,1.045,-2.289,10.138
2.450,0.300,0.376,0.000,-0.075,0.000,2.158,-32.614,0.000,0.000,1.076,-7.286,0.000,2.933,-5.133,18.449
2.460,0.300,0.379,0.000,-0.120,0.000,1.611,-32.614,0.000,0.000,1.122,-7.286,0.000,-2.446,-0.423,6.513
2.471,0.300,0.379,0.000,-0.120,0.000,1.611,13.701,0.000,0.000,1.122,7.145,0.000,-2.446,-0.423,6.513
2.483,0.300,0.385,0.000,0.003,0.000,1.554,13.701,0.000,0.000,1.285,7.145,0.000,-1.376,1.775,9.265
2.493,0.300,0.385,0.000,0.003,0.000,1.554,13.701,0.000,0.000,1.285,7.145,0.000,-1.376,1.775,9.265
2.503,0.300,0.369,0.000,0.043,0.000,1.750,13.701,0.000,0.000,1.402,7.145,0.000,0.661,0.877,5.235
2.514,0.300,0.359,0.000,-0.003,0.000,2.075,13.701,0.000,0.000,1.459,7.145,0.000,-0.176,-0.153,8.543
2.524,0.300,0.359,0.000,-0.003,0.000,2.075,5.224,0.000,0.000,1.459,2.731,0.000,-0.176,-0.153,8.543
2.535,0.300,0.348,0.000,0.052,0.000,2.284,-0.777,0.000,0.000,1.394,5.634,0.000,0.235,-1.357,6.468
2.545,0.300,0.348,0.000,0.052,0.000,2.284,-0.777,0.000,0.000,1.394,5.634,0.000,0.235,-1.357,6.468
2.556,0.300,0.350,0.000,-0.009,0.000,2.210,-0.777,0.000,0.000,1.261,5.634,0.000,1.194,1.886,7.819
2.567,0.300,0.350,0.000,-0.009,0.000,2.210,-15.279,0.000,0.000,1.261,0.187,0.000,1.194,1.886,7.819
2.577,0.300,0.378,0.000,-0.089,0.000,1.810,-15.279,0.000,0.000,0.996,0.187,0.000,0.719,4.555,5.123
2.588,0.300,0.378,0.000,-0.089,0.000,1.810,3.100,0.000,0.000,0.996,-7.434,0.000,0.719,4.555,5.123
2.598,0.300,0.388,0.000,0.244,0.000,1.757,3.100,0.000,0.000,0.955,-7.434,0.000,0.407,-0.581,9.981
2.609,0.300,0.388,0.000,0.244,0.000,1.757,3.100,0.000,0.000,0.955,-7.434,0.000,0.407,-0.581,9.981
2.619,0.300,0.374,0.000,0.047,0.000,1.896,3.100,0.000,0.000,1.013,-7.434,0.000,-4.304,0.361,10.828
2.630,0.300,0.374,0.000,0.047,0.000,1.896,3.100,0.000,0.000,1.013,-7.434,0.000,-4.304,0.361,10.828
2.640,0.300,0.374,0.000,-0.039,0.000,1.773,3.100,0.000,0.000,1.344,-7.434,0.000,-1.097,1.067,9.986
2.651,0.300,0.374,0.000,-0.039,0.000,1.773,-6.564,0.000,0.000,1.344,27.956,0.000,-1.097,1.067,9.986
2.661,0.300,0.360,0.000,0.020,0.000,1.587,-3.410,0.000,0.000,1.532,3.145,0.000,-0.496,-0.569,11.261
2.672,0.300,0.360,0.000,0.020,0.000,1.587,-3.410,0.000,0.000,1.532,3.145,0.000,-0.496,-0.569,11.261
2.682,0.300,0.349,0.000,-0.084,0.000,1.463,-3.410,0.000,0.000,1.523,3.145,0.000,-0.954,1.012,5.924
2.692,0.300,0.349,0.000,-0.084,0.000,1.463,4.329,0.000,0.000,1.523,9.693,0.000,-0.954,1.012,5.924
2.703,0.300,0.327,0.000,-0.137,0.000,1.496,4.329,0.000,0.000,1.424,9.693,0.000,0.029,0.229,7.210
2.713,0.300,0.327,0.000,-0.137,0.000,1.496,4.329,0.000,0.000,1.424,9.693,0.000,0.029,0.229,7.210
2.724,0.300,0.338,0.000,-0.070,0.000,1.558,4.329,0.000,0.000,1.265,9.693,0.000,1.059,-0.847,9.972
2.735,0.300,0.376,0.000,0.101,0.000,1.792,4.329,0.000,0.000,1.033,9.693,0.000,3.788,-0.002,6.898
2.745,0.300,0.376,0.000,0.101,0.000,1.792,4.329,0.000,0.000,1.033,9.693,0.000,3.788,-0.002,6.898
2.756,0.300,0.398,0.000,0.149,0.000,2.268,8.904,0.000,0.000,0.843,-9.039,0.000,3.594,-3.906,11.445
2.766,0.300,0.398,0.000,0.149,0.000,2.268,-3.244,0.000,0.000,0.843,6.250,0.000,3.594,-3.906,11.445
2.777,0.300,0.369,0.000,-0.066,0.000,1.815,-3.244,0.000,0.000,0.749,6.250,0.000,-3.887,1.237,17.925
2.787,0.300,0.369,0.000,-0.066,0.000,1.815,-39.100,0.000,0.000,0.749,-13.389,0.000,-3.887,1.237,17.925
2.798,0.300,0.389,0.000,-0.099,0.000,1.621,-39.100,0.000,0.000,1.031,-13.389,0.000,0.671,0.896,8.534
2.808,0.300,0.389,0.000,-0.099,0.000,1.621,-39.100,0.000,0.000,1.031,-13.389,0.000,0.671,0.896,8.534
2.819,0.300,0.364,0.000,0.063,0.000,1.807,-39.100,0.000,0.000,1.171,-13.389,0.000,0.508,0.015,7.734
2.829,0.300,0.364,0.000,0.063,0.000,1.807,-39.100,0.000,0.000,1.171,-13.389,0.000,0.508,0.015,7.734
2.839,0.300,0.360,0.000,0.058,0.000,1.982,-12.310,0.000,0.000,1.215,-1.111,0.000,-0.527,0.065,5.233
2.850,0.300,0.360,0.000,0.058,0.000,1.982,7.809,0.000,0.000,1.215,-3.227,0.000,-0.527,0.065,5.233
2.860,0.300,0.341,0.000,0.075,0.000,2.135,7.809,0.000,0.000,1.148,-3.227,0.000,0.146,-0.187,6.199
2.871,0.300,0.341,0.000,0.075,0.000,2.135,6.536,0.000,0.000,1.148,14.403,0.000,0.146,-0.187,6.199
2.881,0.300,0.344,0.000,-0.009,0.000,2.102,6.536,0.000,0.000,0.969,14.403,0.000,1.430,1.672,10.938
2.892,0.300,0.344,0.000,-0.009,0.000,2.102,-19.275,0.000,0.000,0.969,-5.142,0.000,1.430,1.672,10.938
2.903,0.300,0.372,0.000,-0.108,0.000,1.675,-19.275,0.000,0.000,0.704,-5.142,0.000,0.877,0.918,13.501
2.913,0.300,0.372,0.000,-0.108,0.000,1.675,-19.275,0.000,0.000,0.704,-5.142,0.000,0.877,0.918,13.501
2.924,0.300,0.375,0.000,0.195,0.000,1.685,-19.275,0.000,0.000,0.790,-5.142,0.000,3.217,-0.588,4.049
2.934,0.300,0.375,0.000,0.195,0.000,1.685,-4.668,0.000,0.000,0.790,-8.265,0.000,3.217,-0.588,4.049
2.944,0.300,0.371,0.000,-0.001,0.000,1.709,-2.168,0.000,0.000,0.876,-12.407,0.000,-3.224,-0.419,10.957
2.955,0.300,0.371,0.000,-0.001,0.000,1.709,-2.168,0.000,0.000,0.876,-12.407,0.000,-3.224,-0.419,10.957
2.965,0.300,0.376,0.000,-0.012,0.000,1.527,-7.486,0.000,0.000,1.206,28.756,0.000,-0.668,0.819,11.644
2.976,0.300,0.376,0.000,-0.012,0.000,1.527,-7.486,0.000,0.000,1.206,28.756,0.000,-0.668,0.819,11.644
2.986,0.300,0.364,0.000,0.021,0.000,1.331,-2.506,0.000,0.000,1.371,6.412,0.000,0.842,-0.911,8.631
2.997,0.300,0.364,0.000,0.021,0.000,1.331,-2.506,0.000,0.000,1.371,6.412,0.000,0.842,-0.911,8.631
3.007,0.300,0.356,0.000,-0.035,0.000,1.175,-2.506,0.000,0.000,1.359,6.412,0.000,-1.159,0.097,5.538
3.018,0.300,0.356,0.000,-0.035,0.000,1.175,-2.506,0.000,0.000,1.359,6.412,0.000,-1.159,0.097,5.538
3.028,0.300,0.338,0.000,-0.116,0.000,1.133,-2.506,0.000,0.000,1.235,6.412,0.000,-0.412,0.187,6.993
3.039,0.300,0.338,0.000,-0.116,0.000,1.133,3.157,0.000,0.000,1.235,-0.254,0.000,-0.412,0.187,6.993
3.049,0.300,0.352,0.000,-0.021,0.000,1.213,3.157,0.000,0.000,1.067,-0.254,0.000,0.838,-0.612,10.371
3.060,0.300,0.388,0.000,0.188,0.000,1.572,3.157,0.000,0.000,0.844,-0.254,0.000,0.947,-2.461,15.717
3.070,0.300,0.390,0.000,0.020,0.000,1.838,-1.080,0.000,0.000,0.793,-7.717,0.000,0.820,-0.711,11.939
3.083,0.300,0.390,0.000,0.020,0.000,1.838,-1.080,0.000,0.000,0.793,-7.717,0.000,0.820,-0.711,11.939
3.093,0.300,0.374,0.000,-0.045,0.000,1.368,-20.670,0.000,0.000,0.783,-0.434,0.000,-3.688,-0.739,7.710
3.103,0.300,0.374,0.000,-0.045,0.000,1.368,-20.670,0.000,0.000,0.783,-0.434,0.000,-3.688,-0.739,7.710
3.113,0.300,0.374,0.000,-0.031,0.000,1.141,-20.670,0.000,0.000,1.043,-0.434,0.000,0.652,0.158,9.500
3.124,0.300,0.374,0.000,-0.031,0.000,1.141,-20.670,0.000,0.000,1.043,-0.434,0.000,0.652,0.158,9.500
3.134,0.300,0.358,0.000,0.009,0.000,1.296,-20.670,0.000,0.000,1.189,-0.434,0.000,1.069,0.462,7.869
3.144,0.300,0.358,0.000,0.009,0.000,1.296,6.615,0.000,0.000,1.189,0.788,0.000,1.069,0.462,7.869
3.154,0.300,0.357,0.000,-0.011,0.000,1.468,6.615,0.000,0.000,1.172,0.788,0.000,0.098,-0.086,7.785
3.164,0.300,0.357,0.000,-0.011,0.000,1.468,10.416,0.000,0.000,1.172,15.791,0.000,0.098,-0.086,7.785
3.175,0.300,0.345,0.000,0.051,0.000,1.519,-13.937,0.000,0.000,1.083,0.439,0.000,0.278,-1.106,6.067
3.185,0.300,0.345,0.000,0.051,0.000,1.519,-13.937,0.000,0.000,1.083,0.439,0.000,0.278,-1.106,6.067
3.195,0.300,0.354,0.000,-0.029,0.000,1.398,-12.960,0.000,0.000,0.908,-1.611,0.000,1.267,1.795,7.472
3.206,0.300,0.354,0.000,-0.029,0.000,1.398,-12.960,0.000,0.000,0.908,-1.611,0.000,1.267,1.795,7.472
3.216,0.300,0.381,0.000,-0.088,0.000,1.004,-12.960,0.000,0.000,0.635,-1.611,0.000,0.963,5.178,3.876
3.226,0.300,0.381,0.000,-0.088,0.000,1.004,-12.960,0.000,0.000,0.635,-1.611,0.000,0.963,5.178,3.876
3.236,0.300,0.388,0.000,0.187,0.000,1.087,-12.960,0.000,0.000,0.772,-1.611,0.000,1.700,-2.737,13.206
3.249,0.300,0.388,0.000,0.187,0.000,1.087,-3.641,0.000,0.000,0.772,1.888,0.000,1.700,-2.737,13.206
3.259,0.300,0.392,0.000,-0.032,0.000,1.055,-3.641,0.000,0.000,0.913,1.888,0.000,-3.371,-0.031,10.938
3.269,0.300,0.392,0.000,-0.032,0.000,1.055,-12.731,0.000,0.000,0.913,5.478,0.000,-3.371,-0.031,10.938
3.282,0.300,0.395,0.000,-0.020,0.000,0.853,3.351,0.000,0.000,1.292,-1.710,0.000,0.173,0.976,12.329
3.293,0.300,0.395,0.000,-0.020,0.000,0.853,3.351,0.000,0.000,1.292,-1.710,0.000,0.173,0.976,12.329
3.303,0.300,0.387,0.000,0.020,0.000,0.611,3.351,0.000,0.000,1.490,-1.710,0.000,1.425,-0.129,5.889
3.316,0.300,0.381,0.000,-0.038,0.000,0.521,3.351,0.000,0.000,1.520,-1.710,0.000,-1.121,0.238,4.964
3.326,0.300,0.381,0.000,-0.038,0.000,0.521,3.351,0.000,0.000,1.520,-1.710,0.000,-1.121,0.238,4.964
3.336,0.300,0.360,0.000,-0.123,0.000,0.520,1.631,0.000,0.000,1.413,11.211,0.000,-0.147,0.309,7.633
3.349,0.300,0.360,0.000,-0.123,0.000,0.520,1.631,0.000,0.000,1.413,11.211,0.000,-0.147,0.309,7.633
3.360,0.300,0.376,0.000,-0.014,0.000,0.609,-1.076,0.000,0.000,1.250,2.788,0.000,0.432,-0.686,9.862
3.370,0.300,0.376,0.000,-0.014,0.000,0.609,-1.076,0.000,0.000,1.250,2.788,0.000,0.432,-0.686,9.862
3.382,0.300,0.408,0.000,0.158,0.000,0.916,14.189,0.000,0.000,1.045,-9.332,0.000,2.676,-2.194,8.998
3.393,0.300,0.408,0.000,0.158,0.000,0.916,-0.066,0.000,0.000,1.045,5.490,0.000,2.676,-2.194,8.998
3.403,0.300,0.403,0.000,0.238,0.000,1.497,-0.066,0.000,0.000,0.780,5.490,0.000,4.541,-5.774,10.276
3.416,0.300,0.403,0.000,0.238,0.000,1.497,-0.066,0.000,0.000,0.780,5.490,0.000,4.541,-5.774,10.276
3.426,0.300,0.371,0.000,0.004,0.000,0.806,-0.066,0.000,0.000,0.646,5.490,0.000,-2.628,0.062,15.522
3.437,0.300,0.371,0.000,0.004,0.000,0.806,20.844,0.000,0.000,0.646,13.861,0.000,-2.628,0.062,15.522
3.449,0.300,0.374,0.000,0.006,0.000,0.653,20.844,0.000,0.000,0.863,13.861,0.000,1.091,-0.558,7.159
3.460,0.300,0.356,0.000,-0.017,0.000,0.818,-12.844,0.000,0.000,0.957,-1.131,0.000,0.338,0.962,9.137
3.470,0.300,0.356,0.000,-0.017,0.000,0.818,-12.844,0.000,0.000,0.957,-1.131,0.000,0.338,0.962,9.137
3.482,0.300,0.354,0.000,0.003,0.000,0.999,4.975,0.000,0.000,0.958,17.154,0.000,-0.695,-0.184,5.233
3.492,0.300,0.354,0.000,0.003,0.000,0.999,4.975,0.000,0.000,0.958,17.154,0.000,-0.695,-0.184,5.233
3.503,0.300,0.343,0.000,0.065,0.000,1.171,4.975,0.000,0.000,0.896,17.154,0.000,-0.176,-0.151,5.732
3.516,0.300,0.343,0.000,0.065,0.000,1.171,4.975,0.000,0.000,0.896,17.154,0.000,-0.176,-0.151,5.732
3.526,0.300,0.347,0.000,0.022,0.000,1.143,4.975,0.000,0.000,0.726,17.154,0.000,1.008,1.961,6.401
3.536,0.300,0.373,0.000,-0.122,0.000,0.773,4.975,0.000,0.000,0.471,17.154,0.000,1.194,2.377,9.574
3.547,0.300,0.373,0.000,-0.122,0.000,0.773,4.975,0.000,0.000,0.471,17.154,0.000,1.194,2.377,9.574
3.557,0.300,0.377,0.000,0.027,0.000,1.096,4.975,0.000,0.000,0.680,17.154,0.000,1.755,-4.823,4.982
3.567,0.300,0.377,0.000,0.027,0.000,1.096,1.744,0.000,0.000,0.680,-4.456,0.000,1.755,-4.823,4.982
3.577,0.300,0.401,0.000,-0.087,0.000,1.043,1.744,0.000,0.000,0.958,-4.456,0.000,-3.752,-0.128,12.317
3.587,0.300,0.401,0.000,-0.087,0.000,1.043,1.744,0.000,0.000,0.958,-4.456,0.000,-3.752,-0.128,12.317
3.598,0.300,0.408,0.000,0.005,0.000,0.873,-9.025,0.000,0.000,1.386,2.447,0.000,-0.686,1.420,12.079
3.609,0.300,0.408,0.000,0.005,0.000,0.873,-9.025,0.000,0.000,1.386,2.447,0.000,-0.686,1.420,12.079
3.619,0.300,0.391,0.000,0.000,0.000,0.563,-9.025,0.000,0.000,1.545,2.447,0.000,0.058,-1.523,9.239
3.629,0.300,0.391,0.000,0.000,0.000,0.563,-9.025,0.000,0.000,1.545,2.447,0.000,0.058,-1.523,9.239
3.640,0.300,0.382,0.000,-0.023,0.000,0.549,-9.025,0.000,0.000,1.469,2.447,0.000,-1.110,0.004,5.516
3.650,0.300,0.382,0.000,-0.023,0.000,0.549,-9.025,0.000,0.000,1.469,2.447,0.000,-1.110,0.004,5.516
3.660,0.300,0.356,0.000,-0.112,0.000,0.604,-0.634,0.000,0.000,1.258,4.791,0.000,-0.174,-0.079,5.101
3.671,0.300,0.356,0.000,-0.112,0.000,0.604,-0.634,0.000,0.000,1.258,4.791,0.000,-0.174,-0.079,5.101
3.681,0.300,0.365,0.000,-0.005,0.000,0.780,8.456,0.000,0.000,1.021,-5.936,0.000,0.680,-1.303,10.374
3.691,0.300,0.365,0.000,-0.005,0.000,0.780,8.456,0.000,0.000,1.021,-5.936,0.000,0.680,-1.303,10.374
3.702,0.300,0.400,0.000,0.131,0.000,1.102,4.257,0.000,0.000,0.815,-9.996,0.000,-0.422,-3.980,16.828
3.712,0.300,0.400,0.000,0.131,0.000,1.102,4.257,0.000,0.000,0.815,-9.996,0.000,-0.422,-3.980,16.828
3.722,0.300,0.400,0.000,0.162,0.000,1.672,4.257,0.000,0.000,0.615,-9.996,0.000,1.228,-1.840,11.634
3.732,0.300,0.400,0.000,0.162,0.000,1.672,4.257,0.000,0.000,0.615,-9.996,0.000,1.228,-1.840,11.634
3.742,0.300,0.381,0.000,0.031,0.000,1.108,4.257,0.000,0.000,0.596,-9.996,0.000,-3.114,-1.299,5.514
3.752,0.300,0.381,0.000,0.031,0.000,1.108,4.257,0.000,0.000,0.596,-9.996,0.000,-3.114,-1.299,5.514
3.763,0.300,0.393,0.000,-0.015,0.000,0.971,-7.202,0.000,0.000,0.863,15.538,0.000,-1.720,0.457,10.243
3.773,0.300,0.393,0.000,-0.015,0.000,0.971,-7.202,0.000,0.000,0.863,15.538,0.000,-1.720,0.457,10.243
3.783,0.300,0.367,0.000,-0.005,0.000,1.176,12.184,0.000,0.000,1.010,7.613,0.000,0.447,0.146,10.206
3.794,0.300,0.367,0.000,-0.005,0.000,1.176,-15.189,0.000,0.000,1.010,6.140,0.000,0.447,0.146,10.206
3.804,0.300,0.369,0.000,0.029,0.000,1.411,-15.189,0.000,0.000,1.065,6.140,0.000,-0.876,0.399,5.249
3.814,0.300,0.369,0.000,0.029,0.000,1.411,2.812,0.000,0.000,1.065,5.037,0.000,-0.876,0.399,5.249
3.824,0.300,0.355,0.000,0.099,0.000,1.559,2.812,0.000,0.000,1.047,5.037,0.000,-0.013,0.216,5.409
3.834,0.300,0.355,0.000,0.099,0.000,1.559,2.812,0.000,0.000,1.047,5.037,0.000,-0.013,0.216,5.409
3.845,0.300,0.358,0.000,0.025,0.000,1.563,2.812,0.000,0.000,0.904,5.037,0.000,1.712,1.464,10.927
3.855,0.300,0.358,0.000,0.025,0.000,1.563,2.812,0.000,0.000,0.904,5.037,0.000,1.712,1.464,10.927
3.865,0.300,0.388,0.000,-0.024,0.000,1.172,2.812,0.000,0.000,0.653,5.037,0.000,0.881,0.701,13.189
3.875,0.300,0.388,0.000,-0.024,0.000,1.172,2.812,0.000,0.000,0.653,5.037,0.000,0.881,0.701,13.189
3.885,0.300,0.388,0.000,0.198,0.000,1.143,-15.605,0.000,0.000,0.707,0.592,0.000,2.809,-3.011,3.953
3.895,0.300,0.388,0.000,0.198,0.000,1.143,14.027,0.000,0.000,0.707,-7.070,0.000,2.809,-3.011,3.953
3.906,0.300,0.375,0.000,0.010,0.000,1.298,-9.506,0.000,0.000,0.810,30.396,0.000,-3.848,-1.243,11.377
3.916,0.300,0.375,0.000,0.010,0.000,1.298,-9.506,0.000,0.000,0.810,30.396,0.000,-3.848,-1.243,11.377
3.926,0.300,0.373,0.000,-0.116,0.000,1.170,-9.506,0.000,0.000,1.162,30.396,0.000,-1.409,1.022,10.100
3.936,0.300,0.373,0.000,-0.116,0.000,1.170,-9.506,0.000,0.000,1.162,30.396,0.000,-1.409,1.022,10.100
3.946,0.300,0.362,0.000,-0.049,0.000,0.996,-9.506,0.000,0.000,1.311,30.396,0.000,0.639,-0.704,6.991
3.957,0.300,0.362,0.000,-0.049,0.000,0.996,-9.506,0.000,0.000,1.311,30.396,0.000,0.639,-0.704,6.991
3.967,0.300,0.354,0.000,-0.134,0.000,0.906,-9.506,0.000,0.000,1.289,30.396,0.000,-1.438,0.391,4.743
3.982,0.300,0.334,0.000,-0.144,0.000,0.932,-9.506,0.000,0.000,1.146,30.396,0.000,-0.407,0.123,8.345
3.993,0.300,0.334,0.000,-0.144,0.000,0.932,-9.506,0.000,0.000,1.146,30.396,0.000,-0.407,0.123,8.345
4.003,0.300,0.348,0.000,-0.013,0.000,0.986,-9.506,0.000,0.000,0.925,30.396,0.000,0.822,-0.519,9.712
4.016,0.300,0.383,0.000,0.176,0.000,1.325,4.941,0.000,0.000,0.679,0.743,0.000,1.986,-2.989,13.339
4.026,0.300,0.383,0.000,0.176,0.000,1.325,4.941,0.000,0.000,0.679,0.743,0.000,1.986,-2.989,13.339
4.036,0.300,0.378,0.000,0.043,0.000,1.821,4.941,0.000,0.000,0.466,0.743,0.000,1.847,-2.875,12.315
4.047,0.300,0.378,0.000,0.043,0.000,1.821,4.941,0.000,0.000,0.466,0.743,0.000,1.847,-2.875,12.315
4.057,0.300,0.350,0.000,-0.008,0.000,1.384,4.941,0.000,0.000,0.438,0.743,0.000,-3.287,-0.585,8.490
4.067,0.300,0.350,0.000,-0.008,0.000,1.384,-24.152,0.000,0.000,0.438,-17.182,0.000,-3.287,-0.585,8.490
4.078,0.300,0.364,0.000,-0.026,0.000,1.258,-24.152,0.000,0.000,0.697,-17.182,0.000,-1.129,0.840,10.518
4.088,0.300,0.364,0.000,-0.026,0.000,1.258,9.081,0.000,0.000,0.697,19.398,0.000,-1.129,0.840,10.518
4.098,0.300,0.336,0.000,0.034,0.000,1.463,9.081,0.000,0.000,0.824,19.398,0.000,1.098,1.598,6.509
4.108,0.300,0.336,0.000,0.034,0.000,1.463,-7.249,0.000,0.000,0.824,-2.877,0.000,1.098,1.598,6.509
4.119,0.300,0.338,0.000,0.027,0.000,1.655,-7.249,0.000,0.000,0.853,-2.877,0.000,0.021,-0.228,6.218
4.129,0.300,0.338,0.000,0.027,0.000,1.655,-7.249,0.000,0.000,0.853,-2.877,0.000,0.021,-0.228,6.218
4.139,0.300,0.329,0.000,0.085,0.000,1.801,-7.249,0.000,0.000,0.792,-2.877,0.000,0.482,-0.668,6.316
4.149,0.300,0.329,0.000,0.085,0.000,1.801,-7.249,0.000,0.000,0.792,-2.877,0.000,0.482,-0.668,6.316
4.160,0.300,0.330,0.000,0.003,0.000,1.764,3.260,0.000,0.000,0.657,19.969,0.000,1.486,2.324,7.439
4.170,0.300,0.330,0.000,0.003,0.000,1.764,-9.316,0.000,0.000,0.657,-1.393,0.000,1.486,2.324,7.439
4.180,0.300,0.358,0.000,-0.088,0.000,1.382,-9.316,0.000,0.000,0.410,-1.393,0.000,0.483,4.563,5.440
4.191,0.300,0.358,0.000,-0.088,0.000,1.382,3.488,0.000,0.000,0.410,-9.840,0.000,0.483,4.563,5.440
4.201,0.300,0.353,0.000,0.197,0.000,1.424,3.488,0.000,0.000,0.492,-9.840,0.000,1.896,-1.894,10.871
4.217,0.300,0.362,0.000,-0.005,0.000,1.463,-0.222,0.000,0.000,0.606,-5.745,0.000,-3.502,0.045,10.359
4.227,0.300,0.362,0.000,-0.005,0.000,1.463,-0.222,0.000,0.000,0.606,-5.745,0.000,-3.502,0.045,10.359
4.238,0.300,0.365,0.000,-0.020,0.000,1.317,-0.222,0.000,0.000,0.961,-5.745,0.000,0.075,0.762,13.144
4.250,0.300,0.365,0.000,-0.020,0.000,1.317,-0.222,0.000,0.000,0.961,-5.745,0.000,0.075,0.762,13.144
4.260,0.300,0.360,0.000,0.033,0.000,1.101,-0.222,0.000,0.000,1.179,-5.745,0.000,-0.014,-0.854,12.331
4.270,0.300,0.360,0.000,0.033,0.000,1.101,-0.222,0.000,0.000,1.179,-5.745,0.000,-0.014,-0.854,12.331
4.281,0.300,0.352,0.000,-0.052,0.000,0.931,-0.222,0.000,0.000,1.188,-5.745,0.000,-0.551,0.388,6.159
4.291,0.300,0.352,0.000,-0.052,0.000,0.931,-0.222,0.000,0.000,1.188,-5.745,0.000,-0.551,0.388,6.159
4.302,0.300,0.332,0.000,-0.100,0.000,0.874,-0.222,0.000,0.000,1.089,-5.745,0.000,-0.283,0.527,8.403
4.312,0.300,0.332,0.000,-0.100,0.000,0.874,-0.222,0.000,0.000,1.089,-5.745,0.000,-0.283,0.527,8.403
4.323,0.300,0.342,0.000,0.025,0.000,0.954,-0.222,0.000,0.000,0.937,-5.745,0.000,0.514,-0.335,9.255
4.333,0.300,0.342,0.000,0.025,0.000,0.954,-0.222,0.000,0.000,0.937,-5.745,0.000,0.514,-0.335,9.255
4.343,0.300,0.378,0.000,0.199,0.000,1.299,-0.222,0.000,0.000,0.668,-5.745,0.000,3.177,-1.286,8.126
4.353,0.300,0.378,0.000,0.199,0.000,1.299,-0.222,0.000,0.000,0.668,-5.745,0.000,3.177,-1.286,8.126
4.364,0.300,0.380,0.000,0.104,0.000,1.732,5.409,0.000,0.000,0.428,25.313,0.000,2.440,-4.016,16.843
4.374,0.300,0.380,0.000,0.104,0.000,1.732,5.409,0.000,0.000,0.428,25.313,0.000,2.440,-4.016,16.843
4.384,0.300,0.357,0.000,-0.046,0.000,1.083,9.477,0.000,0.000,0.365,1.016,0.000,-3.370,-0.177,12.106
4.394,0.300,0.357,0.000,-0.046,0.000,1.083,45.502,0.000,0.000,0.365,29.672,0.000,-3.370,-0.177,12.106
4.405,0.300,0.364,0.000,-0.007,0.000,0.901,21.828,0.000,0.000,0.599,1.964,0.000,0.228,-0.122,8.085
4.417,0.300,0.364,0.000,-0.007,0.000,0.901,21.828,0.000,0.000,0.599,1.964,0.000,0.228,-0.122,8.085
4.427,0.300,0.349,0.000,0.035,0.000,1.086,21.828,0.000,0.000,0.709,1.964,0.000,0.615,0.405,9.236
4.438,0.300,0.349,0.000,0.035,0.000,1.086,21.828,0.000,0.000,0.709,1.964,0.000,0.615,0.405,9.236
4.448,0.300,0.341,0.000,0.032,0.000,1.270,21.828,0.000,0.000,0.736,1.964,0.000,-1.035,0.102,6.305
4.459,0.300,0.341,0.000,0.032,0.000,1.270,21.828,0.000,0.000,0.736,1.964,0.000,-1.035,0.102,6.305
4.469,0.300,0.321,0.000,0.042,0.000,1.370,21.828,0.000,0.000,0.724,1.964,0.000,0.112,0.116,5.572
4.480,0.300,0.328,0.000,0.010,0.000,1.381,10.806,0.000,0.000,0.554,14.610,0.000,1.468,1.585,8.950
4.490,0.300,0.328,0.000,0.010,0.000,1.381,10.806,0.000,0.000,0.554,14.610,0.000,1.468,1.585,8.950
4.500,0.300,0.358,0.000,-0.054,0.000,1.052,-12.637,0.000,0.000,0.297,-3.428,0.000,1.114,1.999,8.865
4.511,0.300,0.361,0.000,0.173,0.000,1.233,-12.637,0.000,0.000,0.452,-3.428,0.000,1.499,-2.510,13.082
4.521,0.300,0.361,0.000,0.173,0.000,1.233,-12.637,0.000,0.000,0.452,-3.428,0.000,1.499,-2.510,13.082
4.532,0.300,0.374,0.000,-0.023,0.000,1.179,2.339,0.000,0.000,0.583,-8.849,0.000,-3.856,0.041,10.014
4.542,0.300,0.374,0.000,-0.023,0.000,1.179,2.339,0.000,0.000,0.583,-8.849,0.000,-3.856,0.041,10.014
4.552,0.300,0.366,0.000,-0.018,0.000,0.998,2.339,0.000,0.000,0.987,-8.849,0.000,-0.321,0.801,11.354
4.562,0.300,0.366,0.000,-0.018,0.000,0.998,2.339,0.000,0.000,0.987,-8.849,0.000,-0.321,0.801,11.354
4.573,0.300,0.358,0.000,0.001,0.000,0.831,2.339,0.000,0.000,1.208,-8.849,0.000,0.315,-1.265,9.744
4.583,0.300,0.358,0.000,0.001,0.000,0.831,-1.786,0.000,0.000,1.208,-12.918,0.000,0.315,-1.265,9.744
4.593,0.300,0.354,0.000,-0.086,0.000,0.743,3.142,0.000,0.000,1.210,0.658,0.000,-1.075,-0.105,5.950
4.603,0.300,0.354,0.000,-0.086,0.000,0.743,-4.484,0.000,0.000,1.210,9.866,0.000,-1.075,-0.105,5.950
4.613,0.300,0.333,0.000,-0.133,0.000,0.704,-4.484,0.000,0.000,1.043,9.866,0.000,0.074,0.195,7.050
4.624,0.300,0.333,0.000,-0.133,0.000,0.704,-4.484,0.000,0.000,1.043,9.866,0.000,0.074,0.195,7.050
4.634,0.300,0.341,0.000,-0.029,0.000,0.783,-2.725,0.000,0.000,0.859,8.959,0.000,0.527,-1.134,10.829
4.644,0.300,0.341,0.000,-0.029,0.000,0.783,-2.725,0.000,0.000,0.859,8.959,0.000,0.527,-1.134,10.829
4.654,0.300,0.377,0.000,0.162,0.000,1.170,-2.725,0.000,0.000,0.647,8.959,0.000,-0.147,-4.376,15.452
4.665,0.300,0.377,0.000,0.162,0.000,1.170,-2.725,0.000,0.000,0.647,8.959,0.000,-0.147,-4.376,15.452
4.675,0.300,0.366,0.000,0.119,0.000,1.586,-2.725,0.000,0.000,0.450,8.959,0.000,1.853,-2.285,12.759
4.685,0.300,0.366,0.000,0.119,0.000,1.586,-2.725,0.000,0.000,0.450,8.959,0.000,1.853,-2.285,12.759
4.695,0.300,0.363,0.000,-0.030,0.000,0.933,-2.725,0.000,0.000,0.471,8.959,0.000,-2.173,-0.921,4.848
4.706,0.300,0.363,0.000,-0.030,0.000,0.933,-2.725,0.000,0.000,0.471,8.959,0.000,-2.173,-0.921,4.848
4.717,0.300,0.373,0.000,0.008,0.000,0.808,-2.725,0.000,0.000,0.679,8.959,0.000,0.321,-0.073,6.000
4.733,0.300,0.373,0.000,0.008,0.000,0.808,-2.725,0.000,0.000,0.679,8.959,0.000,0.321,-0.073,6.000
4.743,0.300,0.357,0.000,0.025,0.000,0.989,-2.725,0.000,0.000,0.791,8.959,0.000,1.224,0.906,7.430
4.754,0.300,0.357,0.000,0.025,0.000,0.989,-2.725,0.000,0.000,0.791,8.959,0.000,1.224,0.906,7.430
4.766,0.300,0.350,0.000,-0.030,0.000,1.192,-2.725,0.000,0.000,0.799,8.959,0.000,-1.284,0.116,8.186
4.776,0.300,0.350,0.000,-0.030,0.000,1.192,-2.725,0.000,0.000,0.799,8.959,0.000,-1.284,0.116,8.186
4.786,0.300,0.334,0.000,0.017,0.000,1.296,-2.725,0.000,0.000,0.816,8.959,0.000,-0.036,-1.049,6.470
4.799,0.300,0.342,0.000,-0.043,0.000,1.234,-2.725,0.000,0.000,0.698,8.959,0.000,1.459,1.143,11.589
4.810,0.300,0.342,0.000,-0.043,0.000,1.234,-2.725,0.000,0.000,0.698,8.959,0.000,1.459,1.143,11.589
4.820,0.300,0.371,0.000,-0.084,0.000,0.985,-2.725,0.000,0.000,0.471,8.959,0.000,1.589,0.103,15.120
4.833,0.300,0.371,0.000,-0.084,0.000,0.985,-2.725,0.000,0.000,0.471,8.959,0.000,1.589,0.103,15.120
4.844,0.300,0.382,0.000,0.168,0.000,1.164,-2.725,0.000,0.000,0.640,8.959,0.000,2.178,-0.112,5.462
4.854,0.300,0.382,0.000,0.168,0.000,1.164,-2.725,0.000,0.000,0.640,8.959,0.000,2.178,-0.112,5.462
4.865,0.300,0.394,0.000,0.007,0.000,1.051,-2.725,0.000,0.000,0.678,8.959,0.000,-2.706,-0.177,8.971
4.876,0.300,0.394,0.000,0.007,0.000,1.051,-2.725,0.000,0.000,0.678,8.959,0.000,-2.706,-0.177,8.971
4.886,0.300,0.379,0.000,0.007,0.000,0.912,-2.725,0.000,0.000,1.013,8.959,0.000,0.032,0.798,10.975
4.897,0.300,0.379,0.000,0.007,0.000,0.912,-2.725,0.000,0.000,1.013,8.959,0.000,0.032,0.798,10.975
4.907,0.300,0.374,0.000,0.034,0.000,0.727,-2.725,0.000,0.000,1.165,8.959,0.000,0.920,-0.343,6.936
4.918,0.300,0.374,0.000,0.034,0.000,0.727,6.150,0.000,0.000,1.165,-8.449,0.000,0.920,-0.343,6.936
4.929,0.300,0.361,0.000,-0.029,0.000,0.691,6.150,0.000,0.000,1.128,-8.449,0.000,-1.383,0.382,6.102
4.939,0.300,0.337,0.000,-0.103,0.000,0.751,6.150,0.000,0.000,0.983,-8.449,0.000,-0.356,0.247,7.289
4.950,0.300,0.337,0.000,-0.103,0.000,0.751,6.150,0.000,0.000,0.983,-8.449,0.000,-0.356,0.247,7.289
4.960,0.300,0.349,0.000,-0.016,0.000,0.859,6.150,0.000,0.000,0.799,-8.449,0.000,0.545,-0.718,9.731
4.971,0.300,0.349,0.000,-0.016,0.000,0.859,6.150,0.000,0.000,0.799,-8.449,0.000,0.545,-0.718,9.731
4.982,0.300,0.381,0.000,0.183,0.000,1.166,6.150,0.000,0.000,0.571,-8.449,0.000,3.200,-1.338,8.520
4.992,0.300,0.388,0.000,0.080,0.000,1.347,6.150,0.000,0.000,0.559,-8.449,0.000,2.420,-2.897,13.093
5.003,0.300,0.388,0.000,0.080,0.000,1.347,16.161,0.000,0.000,0.559,4.012,0.000,2.420,-2.897,13.093
5.013,0.300,0.389,0.000,0.010,0.000,0.975,-36.133,0.000,0.000,0.564,-9.691,0.000,-3.837,-0.099,11.604
5.024,0.300,0.389,0.000,0.010,0.000,0.975,6.313,0.000,0.000,0.564,10.850,0.000,-3.837,-0.099,11.604
5.035,0.300,0.389,0.000,-0.057,0.000,0.850,18.757,0.000,0.000,0.845,6.990,0.000,-0.891,1.390,8.679
5.045,0.300,0.389,0.000,-0.057,0.000,0.850,18.757,0.000,0.000,0.845,6.990,0.000,-0.891,1.390,8.679
5.055,0.300,0.358,0.000,-0.025,0.000,1.052,18.757,0.000,0.000,0.985,6.990,0.000,0.783,0.516,7.555
5.065,0.300,0.358,0.000,-0.025,0.000,1.052,18.757,0.000,0.000,0.985,6.990,0.000,0.783,0.516,7.555
5.076,0.300,0.351,0.000,-0.051,0.000,1.259,18.757,0.000,0.000,0.979,6.990,0.000,-0.137,-0.322,7.290
5.086,0.300,0.351,0.000,-0.051,0.000,1.259,-9.403,0.000,0.000,0.979,6.715,0.000,-0.137,-0.322,7.290
5.099,0.300,0.339,0.000,0.001,0.000,1.293,-9.069,0.000,0.000,0.872,-5.081,0.000,0.003,-0.622,6.226
5.109,0.300,0.339,0.000,0.001,0.000,1.293,-9.069,0.000,0.000,0.872,-5.081,0.000,0.003,-0.622,6.226
5.119,0.300,0.346,0.000,-0.045,0.000,1.159,-11.819,0.000,0.000,0.672,4.955,0.000,1.518,2.077,6.782
5.132,0.300,0.346,0.000,-0.045,0.000,1.159,-9.169,0.000,0.000,0.672,-8.000,0.000,1.518,2.077,6.782
5.143,0.300,0.371,0.000,-0.106,0.000,0.761,-9.169,0.000,0.000,0.433,-8.000,0.000,1.350,2.578,9.931
5.153,0.300,0.371,0.000,-0.106,0.000,0.761,-9.169,0.000,0.000,0.433,-8.000,0.000,1.350,2.578,9.931
5.166,0.300,0.374,0.000,0.046,0.000,1.177,-9.169,0.000,0.000,0.784,-8.000,0.000,2.642,-4.211,13.158
5.177,0.300,0.409,0.000,-0.095,0.000,0.975,-9.169,0.000,0.000,0.978,-8.000,0.000,-2.972,0.101,11.056
5.187,0.300,0.409,0.000,-0.095,0.000,0.975,0.437,0.000,0.000,0.978,0.410,0.000,-2.972,0.101,11.056
5.197,0.300,0.397,0.000,-0.018,0.000,0.703,-3.831,0.000,0.000,1.349,9.885,0.000,-0.616,0.973,9.901
5.207,0.300,0.397,0.000,-0.018,0.000,0.703,-3.831,0.000,0.000,1.349,9.885,0.000,-0.616,0.973,9.901
5.217,0.300,0.389,0.000,-0.002,0.000,0.475,-3.831,0.000,0.000,1.574,9.885,0.000,-0.156,-1.195,11.975
5.228,0.300,0.389,0.000,-0.002,0.000,0.475,-3.831,0.000,0.000,1.574,9.885,0.000,-0.156,-1.195,11.975
5.238,0.300,0.379,0.000,-0.028,0.000,0.440,-1.602,0.000,0.000,1.581,8.793,0.000,-1.009,0.137,6.842
5.248,0.300,0.379,0.000,-0.028,0.000,0.440,-1.602,0.000,0.000,1.581,8.793,0.000,-1.009,0.137,6.842
5.258,0.300,0.354,0.000,-0.085,0.000,0.478,-1.602,0.000,0.000,1.406,8.793,0.000,-0.268,0.337,8.436
5.269,0.300,0.354,0.000,-0.085,0.000,0.478,-1.602,0.000,0.000,1.406,8.793,0.000,-0.268,0.337,8.436
5.279,0.300,0.363,0.000,0.032,0.000,0.630,-1.602,0.000,0.000,1.183,8.793,0.000,1.058,-0.982,10.685
5.289,0.300,0.363,0.000,0.032,0.000,0.630,-1.602,0.000,0.000,1.183,8.793,0.000,1.058,-0.982,10.685
5.299,0.300,0.399,0.000,0.168,0.000,1.025,-1.602,0.000,0.000,0.919,8.793,0.000,-2.088,-3.989,16.897
5.310,0.300,0.399,0.000,0.168,0.000,1.025,-1.602,0.000,0.000,0.919,8.793,0.000,-2.088,-3.989,16.897
5.320,0.300,0.382,0.000,0.160,0.000,1.412,2.889,0.000,0.000,0.717,5.154,0.000,2.426,-4.207,19.143
5.330,0.300,0.382,0.000,0.160,0.000,1.412,2.889,0.000,0.000,0.717,5.154,0.000,2.426,-4.207,19.143
5.340,0.300,0.372,0.000,-0.032,0.000,0.786,-42.647,0.000,0.000,0.733,-6.492,0.000,-2.860,-0.062,12.282
5.350,0.300,0.372,0.000,-0.032,0.000,0.786,-42.647,0.000,0.000,0.733,-6.492,0.000,-2.860,-0.062,12.282
5.360,0.300,0.380,0.000,-0.042,0.000,0.663,-42.647,0.000,0.000,0.899,-6.492,0.000,-0.205,0.008,7.840
5.371,0.300,0.355,0.000,-0.023,0.000,0.825,-42.647,0.000,0.000,1.017,-6.492,0.000,0.598,0.433,8.550
5.381,0.300,0.355,0.000,-0.023,0.000,0.825,-42.647,0.000,0.000,1.017,-6.492,0.000,0.598,0.433,8.550
5.391,0.300,0.349,0.000,-0.022,0.000,1.042,-42.647,0.000,0.000,1.052,-6.492,0.000,-1.361,0.046,6.617
5.401,0.300,0.349,0.000,-0.022,0.000,1.042,-42.647,0.000,0.000,1.052,-6.492,0.000,-1.361,0.046,6.617
5.411,0.300,0.332,0.000,0.045,0.000,1.102,-42.647,0.000,0.000,1.069,-6.492,0.000,0.197,-0.138,4.804
5.422,0.300,0.332,0.000,0.045,0.000,1.102,-42.647,0.000,0.000,1.069,-6.492,0.000,0.197,-0.138,4.804
5.432,0.300,0.342,0.000,-0.031,0.000,1.083,-42.647,0.000,0.000,0.952,-6.492,0.000,0.981,1.682,9.142
5.442,0.300,0.342,0.000,-0.031,0.000,1.083,17.614,0.000,0.000,0.952,28.762,0.000,0.981,1.682,9.142
5.453,0.300,0.365,0.000,-0.061,0.000,0.797,-12.889,0.000,0.000,0.730,7.052,0.000,1.527,1.427,12.563
5.463,0.300,0.365,0.000,-0.061,0.000,0.797,-12.889,0.000,0.000,0.730,7.052,0.000,1.527,1.427,12.563
5.473,0.300,0.363,0.000,0.138,0.000,0.897,-12.889,0.000,0.000,0.882,7.052,0.000,2.946,-1.264,7.533
5.483,0.300,0.363,0.000,0.138,0.000,0.897,-12.889,0.000,0.000,0.882,7.052,0.000,2.946,-1.264,7.533
5.494,0.300,0.370,0.000,0.025,0.000,0.868,-12.889,0.000,0.000,0.956,7.052,0.000,-2.570,-0.878,9.968
5.504,0.300,0.370,0.000,0.025,0.000,0.868,-12.889,0.000,0.000,0.956,7.052,0.000,-2.570,-0.878,9.968
5.514,0.300,0.361,0.000,0.009,0.000,0.743,-12.889,0.000,0.000,1.295,7.052,0.000,-1.000,0.280,12.085
5.524,0.300,0.361,0.000,0.009,0.000,0.743,-12.889,0.000,0.000,1.295,7.052,0.000,-1.000,0.280,12.085
5.535,0.300,0.349,0.000,0.020,0.000,0.610,-12.889,0.000,0.000,1.480,7.052,0.000,0.593,-1.159,9.500
5.545,0.300,0.349,0.000,0.020,0.000,0.610,-12.889,0.000,0.000,1.480,7.052,0.000,0.593,-1.159,9.500
5.555,0.300,0.345,0.000,-0.065,0.000,0.525,-12.889,0.000,0.000,1.489,7.052,0.000,-1.264,-0.068,6.208
5.565,0.300,0.345,0.000,-0.065,0.000,0.525,-12.889,0.000,0.000,1.489,7.052,0.000,-1.264,-0.068,6.208
5.575,0.300,0.327,0.000,-0.095,0.000,0.521,-12.889,0.000,0.000,1.359,7.052,0.000,-0.137,-0.037,7.910
5.585,0.300,0.327,0.000,-0.095,0.000,0.521,-12.889,0.000,0.000,1.359,7.052,0.000,-0.137,-0.037,7.910
5.596,0.300,0.338,0.000,0.020,0.000,0.571,-12.889,0.000,0.000,1.194,7.052,0.000,0.643,-0.834,10.338
5.606,0.300,0.338,0.000,0.020,0.000,0.571,-12.889,0.000,0.000,1.194,7.052,0.000,0.643,-0.834,10.338
5.617,0.300,0.372,0.000,0.164,0.000,0.962,-12.889,0.000,0.000,0.934,7.052,0.000,0.676,-4.394,13.355
5.627,0.300,0.372,0.000,0.164,0.000,0.962,-12.889,0.000,0.000,0.934,7.052,0.000,0.676,-4.394,13.355
5.637,0.300,0.366,0.000,-0.002,0.000,1.382,-4.207,0.000,0.000,0.716,12.125,0.000,2.047,-3.652,16.698
5.648,0.300,0.366,0.000,-0.002,0.000,1.382,-12.648,0.000,0.000,0.716,51.837,0.000,2.047,-3.652,16.698
5.658,0.300,0.366,0.000,-0.106,0.000,0.803,-4.573,0.000,0.000,0.687,-2.018,0.000,-3.109,-0.596,7.407
5.668,0.300,0.366,0.000,-0.106,0.000,0.803,-4.573,0.000,0.000,0.687,-2.018,0.000,-3.109,-0.596,7.407
5.679,0.300,0.367,0.000,0.003,0.000,0.722,-4.573,0.000,0.000,0.892,-2.018,0.000,-1.177,1.127,10.326
5.689,0.300,0.367,0.000,0.003,0.000,0.722,-4.573,0.000,0.000,0.892,-2.018,0.000,-1.177,1.127,10.326
5.699,0.300,0.349,0.000,0.046,0.000,0.914,-4.573,0.000,0.000,1.013,-2.018,0.000,0.970,0.742,6.648
5.709,0.300,0.349,0.000,0.046,0.000,0.914,-4.573,0.000,0.000,1.013,-2.018,0.000,0.970,0.742,6.648
5.720,0.300,0.340,0.000,0.034,0.000,1.215,-4.573,0.000,0.000,1.059,-2.018,0.000,0.218,-0.192,7.763
5.735,0.300,0.340,0.000,0.034,0.000,1.215,-4.573,0.000,0.000,1.059,-2.018,0.000,0.218,-0.192,7.763
5.745,0.300,0.328,0.000,0.066,0.000,1.364,-4.573,0.000,0.000,1.019,-2.018,0.000,0.310,-1.271,6.523
5.756,0.300,0.328,0.000,0.066,0.000,1.364,-4.573,0.000,0.000,1.019,-2.018,0.000,0.310,-1.271,6.523
5.766,0.300,0.337,0.000,-0.004,0.000,1.346,-4.573,0.000,0.000,0.886,-2.018,0.000,1.907,0.388,12.140
5.776,0.300,0.337,0.000,-0.004,0.000,1.346,-4.573,0.000,0.000,0.886,-2.018,0.000,1.907,0.388,12.140
5.786,0.300,0.367,0.000,-0.060,0.000,0.993,-4.573,0.000,0.000,0.628,-2.018,0.000,0.416,4.957,3.027
5.797,0.300,0.367,0.000,-0.060,0.000,0.993,-4.573,0.000,0.000,0.628,-2.018,0.000,0.416,4.957,3.027
5.807,0.300,0.371,0.000,0.118,0.000,1.115,-4.573,0.000,0.000,0.740,-2.018,0.000,1.885,-2.792,12.594
5.817,0.300,0.371,0.000,0.118,0.000,1.115,-4.573,0.000,0.000,0.740,-2.018,0.000,1.885,-2.792,12.594
5.827,0.300,0.369,0.000,-0.039,0.000,1.152,-9.469,0.000,0.000,0.867,-2.276,0.000,-3.132,-0.196,11.576
5.838,0.300,0.369,0.000,-0.039,0.000,1.152,0.918,0.000,0.000,0.867,2.542,0.000,-3.132,-0.196,11.576
5.848,0.300,0.372,0.000,-0.061,0.000,0.994,2.107,0.000,0.000,1.199,9.944,0.000,0.129,0.906,11.882
5.858,0.300,0.372,0.000,-0.061,0.000,0.994,-7.374,0.000,0.000,1.199,-10.775,0.000,0.129,0.906,11.882
5.869,0.300,0.361,0.000,-0.047,0.000,0.822,-7.374,0.000,0.000,1.353,-10.775,0.000,1.656,0.299,4.565
5.879,0.300,0.361,0.000,-0.047,0.000,0.822,-7.374,0.000,0.000,1.353,-10.775,0.000,1.656,0.299,4.565
5.889,0.300,0.363,0.000,-0.117,0.000,0.760,-7.374,0.000,0.000,1.344,-10.775,0.000,-0.866,0.356,5.361
5.899,0.300,0.363,0.000,-0.117,0.000,0.760,-7.374,0.000,0.000,1.344,-10.775,0.000,-0.866,0.356,5.361
5.909,0.300,0.338,0.000,-0.132,0.000,0.815,-7.374,0.000,0.000,1.243,-10.775,0.000,-0.188,0.243,8.037
5.919,0.300,0.338,0.000,-0.132,0.000,0.815,-7.374,0.000,0.000,1.243,-10.775,0.000,-0.188,0.243,8.037
5.930,0.300,0.350,0.000,-0.020,0.000,0.927,-7.374,0.000,0.000,1.130,-10.775,0.000,0.560,-0.368,9.283
5.940,0.300,0.388,0.000,0.149,0.000,1.170,-7.374,0.000,0.000,0.936,-10.775,0.000,3.358,-1.070,7.128
5.950,0.300,0.388,0.000,0.149,0.000,1.170,-7.374,0.000,0.000,0.936,-10.775,0.000,3.358,-1.070,7.128
5.960,0.300,0.412,0.000,0.182,0.000,1.647,-7.374,0.000,0.000,0.701,-10.775,0.000,4.017,-5.042,11.447
5.970,0.300,0.412,0.000,0.182,0.000,1.647,-7.374,0.000,0.000,0.701,-10.775,0.000,4.017,-5.042,11.447
5.980,0.300,0.375,0.000,-0.004,0.000,1.073,-7.374,0.000,0.000,0.584,-10.775,0.000,-3.534,0.493,14.800
5.991,0.300,0.375,0.000,-0.004,0.000,1.073,-7.374,0.000,0.000,0.584,-10.775,0.000,-3.534,0.493,14.800
6.001,0.300,0.377,0.000,-0.049,0.000,0.863,-7.374,0.000,0.000,0.829,-10.775,0.000,0.093,0.098,8.970
6.011,0.300,0.377,0.000,-0.049,0.000,0.863,-7.374,0.000,0.000,0.829,-10.775,0.000,0.093,0.098,8.970
6.021,0.300,0.349,0.000,-0.025,0.000,1.048,-7.374,0.000,0.000,0.958,-10.775,0.000,0.483,0.500,8.940
6.032,0.300,0.345,0.000,0.036,0.000,1.203,7.548,0.000,0.000,0.980,-2.591,0.000,-0.522,-0.030,5.076
6.042,0.300,0.345,0.000,0.036,0.000,1.203,-16.891,0.000,0.000,0.980,17.178,0.000,-0.522,-0.030,5.076
6.053,0.300,0.333,0.000,0.062,0.000,1.366,-16.891,0.000,0.000,0.935,17.178,0.000,0.422,-0.326,5.853
6.066,0.300,0.333,0.000,0.062,0.000,1.366,6.826,0.000,0.000,0.935,-2.775,0.000,0.422,-0.326,5.853
6.076,0.300,0.333,0.000,0.031,0.000,1.336,6.826,0.000,0.000,0.787,-2.775,0.000,1.444,2.150,7.784
6.086,0.300,0.333,0.000,0.031,0.000,1.336,6.826,0.000,0.000,0.787,-2.775,0.000,1.444,2.150,7.784
6.096,0.300,0.363,0.000,-0.104,0.000,0.914,6.826,0.000,0.000,0.541,-2.775,0.000,1.190,1.873,9.544
6.106,0.300,0.363,0.000,-0.104,0.000,0.914,6.826,0.000,0.000,0.541,-2.775,0.000,1.190,1.873,9.544
6.117,0.300,0.363,0.000,0.120,0.000,1.200,6.826,0.000,0.000,0.747,-2.775,0.000,1.718,-4.573,5.923
6.127,0.300,0.363,0.000,0.120,0.000,1.200,6.826,0.000,0.000,0.747,-2.775,0.000,1.718,-4.573,5.923
6.137,0.300,0.388,0.000,-0.040,0.000,1.188,6.826,0.000,0.000,0.995,-2.775,0.000,-3.209,0.150,11.060
6.147,0.300,0.388,0.000,-0.040,0.000,1.188,6.826,0.000,0.000,0.995,-2.775,0.000,-3.209,0.150,11.060
6.158,0.300,0.383,0.000,-0.021,0.000,0.953,6.826,0.000,0.000,1.377,-2.775,0.000,-0.635,1.360,12.355
6.168,0.300,0.383,0.000,-0.021,0.000,0.953,6.826,0.000,0.000,1.377,-2.775,0.000,-0.635,1.360,12.355
6.178,0.300,0.371,0.000,0.040,0.000,0.740,6.826,0.000,0.000,1.580,-2.775,0.000,0.028,-1.855,9.843
6.188,0.300,0.371,0.000,0.040,0.000,0.740,6.826,0.000,0.000,1.580,-2.775,0.000,0.028,-1.855,9.843
6.198,0.300,0.362,0.000,-0.018,0.000,0.658,6.826,0.000,0.000,1.575,-2.775,0.000,-1.257,0.343,6.185
6.208,0.300,0.362,0.000,-0.018,0.000,0.658,6.826,0.000,0.000,1.575,-2.775,0.000,-1.257,0.343,6.185
6.219,0.300,0.345,0.000,-0.067,0.000,0.672,6.826,0.000,0.000,1.410,-2.775,0.000,0.123,0.372,6.153
6.229,0.300,0.345,0.000,-0.067,0.000,0.672,6.826,0.000,0.000,1.410,-2.775,0.000,0.123,0.372,6.153
6.239,0.300,0.356,0.000,0.042,0.000,0.817,6.826,0.000,0.000,1.191,-2.775,0.000,0.715,-0.937,10.257
6.249,0.300,0.356,0.000,0.042,0.000,0.817,6.826,0.000,0.000,1.191,-2.775,0.000,0.715,-0.937,10.257
6.259,0.300,0.393,0.000,0.193,0.000,1.175,6.826,0.000,0.000,0.923,-2.775,0.000,2.749,0.787,6.549
6.270,0.300,0.393,0.000,0.193,0.000,1.175,6.826,0.000,0.000,0.923,-2.775,0.000,2.749,0.787,6.549
6.280,0.300,0.408,0.000,0.086,0.000,1.786,6.826,0.000,0.000,0.667,-2.775,0.000,0.245,-0.539,10.987
6.290,0.300,0.408,0.000,0.086,0.000,1.786,6.826,0.000,0.000,0.667,-2.775,0.000,0.245,-0.539,10.987
6.300,0.300,0.381,0.000,-0.101,0.000,1.183,6.826,0.000,0.000,0.577,-2.775,0.000,-4.516,1.993,16.458
6.311,0.300,0.381,0.000,-0.101,0.000,1.183,-4.850,0.000,0.000,0.577,0.805,0.000,-4.516,1.993,16.458
6.321,0.300,0.382,0.000,-0.008,0.000,0.997,-1.858,0.000,0.000,0.830,-11.692,0.000,0.475,-0.050,8.328
6.331,0.300,0.382,0.000,-0.008,0.000,0.997,-3.015,0.000,0.000,0.830,11.322,0.000,0.475,-0.050,8.328
6.341,0.300,0.363,0.000,-0.007,0.000,1.222,-7.540,0.000,0.000,0.979,1.693,0.000,0.655,-0.366,9.530
6.351,0.300,0.363,0.000,-0.007,0.000,1.222,-7.540,0.000,0.000,0.979,1.693,0.000,0.655,-0.366,9.530
6.362,0.300,0.360,0.000,0.041,0.000,1.376,-7.540,0.000,0.000,1.012,1.693,0.000,-1.070,0.005,5.550
6.372,0.300,0.360,0.000,0.041,0.000,1.376,-1.436,0.000,0.000,1.012,10.903,0.000,-1.070,0.005,5.550
6.382,0.300,0.337,0.000,0.058,0.000,1.532,-1.436,0.000,0.000,0.985,10.903,0.000,0.006,0.640,6.330
6.393,0.300,0.337,0.000,0.058,0.000,1.532,-1.436,0.000,0.000,0.985,10.903,0.000,0.006,0.640,6.330
6.403,0.300,0.345,0.000,0.021,0.000,1.491,-1.436,0.000,0.000,0.809,10.903,0.000,1.255,1.975,7.896
6.413,0.300,0.345,0.000,0.021,0.000,1.491,-1.436,0.000,0.000,0.809,10.903,0.000,1.255,1.975,7.896
6.423,0.300,0.373,0.000,-0.051,0.000,1.129,-1.436,0.000,0.000,0.576,10.903,0.000,1.097,-0.256,15.849
6.433,0.300,0.373,0.000,-0.051,0.000,1.129,-1.436,0.000,0.000,0.576,10.903,0.000,1.097,-0.256,15.849
6.443,0.300,0.380,0.000,0.176,0.000,1.255,-1.436,0.000,0.000,0.720,10.903,0.000,2.821,0.187,4.214
6.454,0.300,0.380,0.000,0.176,0.000,1.255,-1.436,0.000,0.000,0.720,10.903,0.000,2.821,0.187,4.214
6.464,0.300,0.392,0.000,0.030,0.000,1.238,-1.436,0.000,0.000,0.769,10.903,0.000,-2.592,-0.777,10.009
6.474,0.300,0.392,0.000,0.030,0.000,1.238,-1.436,0.000,0.000,0.769,10.903,0.000,-2.592,-0.777,10.009
6.484,0.300,0.382,0.000,-0.005,0.000,1.144,-1.436,0.000,0.000,1.096,10.903,0.000,-0.521,0.645,12.114
6.494,0.300,0.367,0.000,0.019,0.000,0.988,-1.436,0.000,0.000,1.230,10.903,0.000,1.039,-0.609,6.627
6.505,0.300,0.367,0.000,0.019,0.000,0.988,-1.436,0.000,0.000,1.230,10.903,0.000,1.039,-0.609,6.627
6.515,0.300,0.360,0.000,-0.091,0.000,0.940,-1.436,0.000,0.000,1.199,10.903,0.000,-1.416,0.198,5.853
6.525,0.300,0.360,0.000,-0.091,0.000,0.940,-1.436,0.000,0.000,1.199,10.903,0.000,-1.416,0.198,5.853
6.535,0.300,0.335,0.000,-0.127,0.000,0.996,-6.425,0.000,0.000,1.077,-12.364,0.000,-0.288,0.241,7.068
6.545,0.300,0.335,0.000,-0.127,0.000,0.996,2.838,0.000,0.000,1.077,0.682,0.000,-0.288,0.241,7.068
6.555,0.300,0.346,0.000,-0.034,0.000,1.057,2.838,0.000,0.000,0.915,0.682,0.000,0.443,-0.653,9.739
6.566,0.300,0.346,0.000,-0.034,0.000,1.057,2.838,0.000,0.000,0.915,0.682,0.000,0.443,-0.653,9.739
6.576,0.300,0.379,0.000,0.157,0.000,1.364,-1.412,0.000,0.000,0.684,1.344,0.000,1.724,-3.196,12.845
6.586,0.300,0.379,0.000,0.157,0.000,1.364,-1.412,0.000,0.000,0.684,1.344,0.000,1.724,-3.196,12.845
6.599,0.300,0.375,0.000,0.123,0.000,1.764,-1.412,0.000,0.000,0.527,1.344,0.000,1.835,-1.966,13.752
6.609,0.300,0.375,0.000,0.123,0.000,1.764,-1.412,0.000,0.000,0.527,1.344,0.000,1.835,-1.966,13.752
6.620,0.300,0.359,0.000,-0.059,0.000,1.336,-1.412,0.000,0.000,0.513,1.344,0.000,-3.336,-0.427,7.915
6.633,0.300,0.364,0.000,-0.003,0.000,1.187,-1.412,0.000,0.000,0.743,1.344,0.000,-0.714,0.803,9.284
6.643,0.300,0.364,0.000,-0.003,0.000,1.187,-1.412,0.000,0.000,0.743,1.344,0.000,-0.714,0.803,9.284
6.653,0.300,0.341,0.000,0.059,0.000,1.392,-1.412,0.000,0.000,0.887,1.344,0.000,1.058,0.763,7.080
6.663,0.300,0.341,0.000,0.059,0.000,1.392,-1.412,0.000,0.000,0.887,1.344,0.000,1.058,0.763,7.080
