# [METADATA] Config: 2026-07-21 06:41:47, Items: 8
Time(s),Roll_rad,Pitch_rad,Yaw_rad,Gyro_X,Gyro_Y,Gyro_Z,Acc_X,Acc_Y,Acc_Z,Vx,Vy,Vz,YawRate,Pos_X,Pos_Y,Pos_Z,FF_FR,FF_FL,FF_RR,FF_RL,FFE_FR,FFE_FL,FFE_RR,FFE_RL
0.018400192260742188,0.037341922521591187,-0.004437927156686783,0.14400140941143036,0.016869038343429565,0.007565703243017197,-0.0015883940504863858,0.04613987356424332,0.4359768331050873,9.695333480834961,0.0005595448892563581,-0.0005347460974007845,-0.009587496519088745,-0.0006457405397668481,0.009003568440675735,-0.05421747267246246,0.33322596549987793,0.0,0.0,0.0,0.0,0.0,0.0,0.0,0.0
0.03874802589416504,0.03732463717460632,-0.004444536752998829,0.1440330594778061,-0.006667268928140402,0.000387932697776705,0.003677880158647895,0.08608973026275635,0.4023638665676117,9.671395301818848,0.000861720705870539,0.0003436926635913551,-0.010179387405514717,0.003677880158647895,0.009016548283398151,-0.05421329289674759,0.3331826627254486,0.0,0.0,0.0,0.0,0.0,0.0,0.0,0.0
0.059252262115478516,0.0364035926759243,-0.006106576882302761,0.1439530849456787,0.3467951714992523,-0.3671964704990387,0.01811796799302101,2.90012526512146,3.850925922393799,3.904099464416504,-0.004360697697848082,0.0011864409316331148,0.005158932879567146,0.020096514374017715,0.008752415888011456,-0.05416841804981232,0.33295851945877075,0.0,0.0,0.0,0.0,0.0,0.0,0.0,0.0
0.07991623878479004,0.0407571904361248,-0.01078091375529766,0.14551520347595215,0.17514668405056,0.008470804430544376,0.08234518766403198,-4.319643974304199,0.38222137093544006,10.044801712036133,0.004614300560206175,-0.04858380928635597,-0.13020606338977814,-0.05362892895936966,0.007441745139658451,-0.0549737922847271,0.3319339156150818,0.0,0.0,0.0,0.0,0.0,0.0,0.0,0.0
0.10077881813049316,0.0432574637234211,-0.005280598066747189,0.1458849012851715,-0.003916348330676556,0.4272017776966095,0.027971871197223663,-1.5187134742736816,-0.6973969340324402,14.787969589233398,-0.008441616781055927,-0.038366299122571945,-0.09306429326534271,0.0070398664101958275,0.009928174316883087,-0.05520392581820488,0.3300190269947052,0.0,0.0,0.0,0.0,0.0,0.0,0.0,0.0
0.12157392501831055,0.04448705539107323,0.0016231248155236244,0.14585788547992706,-0.2880391478538513,0.16436176002025604,-0.04926236718893051,1.1093946695327759,-0.7151196002960205,15.243457794189453,-0.010549846105277538,-0.019509335979819298,-0.007384192198514938,0.012484470382332802,0.012077251449227333,-0.05524734780192375,0.3294266164302826,0.0,0.0,0.0,0.0,0.0,0.0,0.0,0.0
0.14211392402648926,0.037485212087631226,0.0003447552735451609,0.14513222873210907,-0.14866523444652557,-0.16800613701343536,-0.03839842230081558,0.5582005381584167,0.6018315553665161,8.932657241821289,0.0018112470861524343,-0.0019076805328950286,0.03425653651356697,-0.0034146313555538654,0.012543425895273685,-0.05429835617542267,0.3305031955242157,0.0,0.0,0.0,0.0,0.0,0.0,0.0,0.0
0.16272187232971191,0.03756041079759598,-0.004853116814047098,0.14437660574913025,0.17566706240177155,-0.24230319261550903,-0.00415034918114543,0.6453145146369934,-0.4464026689529419,6.532154560089111,0.013449132442474365,-0.0060034203343093395,-0.00848156213760376,-0.04093782231211662,0.012768996879458427,-0.05426432937383652,0.3312389850616455,0.0,0.0,0.0,0.0,0.0,0.0,0.0,0.0
0.18351221084594727,0.04216265305876732,-0.010062504559755325,0.14356595277786255,0.13269191980361938,-0.0010278098052367568,-0.042768608778715134,-2.1378846168518066,1.4782532453536987,19.629552841186523,0.04308745265007019,-0.030624818056821823,-0.06825921684503555,-0.12013166397809982,0.01334358286112547,-0.05447530373930931,0.3308449685573578,0.0,0.0,0.0,0.0,0.0,0.0,0.0,0.0
0.19396686553955078,0.04088246822357178,-0.008794779889285564,0.14028774201869965,0.01841900497674942,-0.2836849093437195,-0.31857845187187195,2.0865988731384277,2.0759356021881104,7.134474754333496,0.03888699784874916,-0.040522243827581406,0.0573938749730587,-0.14978951215744019,0.014006093144416809,-0.0550132617354393,0.3311131000518799,0.0,0.0,0.0,0.0,0.0,0.0,0.0,0.0
0.21465063095092773,0.037582095712423325,-0.012630591168999672,0.13555622100830078,-0.2758384943008423,0.06352659314870834,-0.24982309341430664,-1.3780466318130493,1.997843861579895,16.6500301361084,0.13413210213184357,0.01505524106323719,0.08701984584331512,-0.2391103208065033,0.017949489876627922,-0.053611766546964645,0.3336654603481293,0.0,0.0,0.0,0.0,0.0,0.0,0.0,0.0
0.2352888584136963,0.033483151346445084,-0.009449407458305359,0.13199535012245178,-0.11710312962532043,0.13731883466243744,-0.07462865859270096,0.8040738701820374,0.9798639416694641,6.036001205444336,0.12430839240550995,0.03961784392595291,0.11837266385555267,-0.10277058929204941,0.0199046079069376,-0.05305781587958336,0.3345503509044647,0.0,0.0,0.0,0.0,0.0,0.0,0.0,0.0
0.2557392120361328,0.03490816056728363,-0.009788930416107178,0.1338283121585846,0.1849447339773178,0.02763812057673931,0.1871677041053772,0.5024816393852234,1.9116599559783936,8.902422904968262,0.16686522960662842,0.04336506128311157,0.09688238054513931,0.1269979178905487,0.022890150547027588,-0.05266918987035751,0.33569347858428955,0.0,0.0,0.0,0.0,0.0,0.0,0.0,0.0
0.27626466751098633,0.03953355923295021,-0.011029837653040886,0.1386808604001999,0.1978631466627121,-0.09698271751403809,0.2961336374282837,1.8535112142562866,0.9957854747772217,9.137845993041992,0.17615380883216858,0.04729267209768295,0.08155564963817596,0.3015800416469574,0.025051014497876167,-0.052666403353214264,0.33710265159606934,0.0,0.0,0.0,0.0,0.0,0.0,0.0,0.0
0.29677748680114746,0.041283607482910156,-0.014943655580282211,0.14460809528827667,0.04952593147754669,-0.15697813034057617,0.30925604701042175,1.501834511756897,0.19786740839481354,9.446368217468262,0.1743789166212082,0.06202564761042595,0.05701892077922821,0.2966859042644501,0.02646688185632229,-0.051743410527706146,0.33861827850341797,0.0,0.0,0.0,0.0,0.0,0.0,0.0,0.0
0.317108154296875,0.03905332460999489,-0.018885407596826553,0.1500658243894577,-0.30265456438064575,-0.21958941221237183,0.2248944342136383,1.4942353963851929,1.2942872047424316,7.901710033416748,0.18781380355358124,0.06477171927690506,0.058842115104198456,0.23615948855876923,0.0295264795422554,-0.05019041523337364,0.34008264541625977,0.0,0.0,0.0,0.0,0.0,0.0,0.0,0.0
0.3373737335205078,0.03663645312190056,-0.022909201681613922,0.1534748673439026,0.21256482601165771,0.12835673987865448,0.13349680602550507,-0.7174069285392761,1.4721583127975464,10.59149169921875,0.20708772540092468,0.08688611537218094,0.015416208654642105,0.12614160776138306,0.03313381224870682,-0.048212334513664246,0.3412627875804901,0.0,0.0,0.0,0.0,0.0,0.0,0.0,0.0
0.357621431350708,0.03936338052153587,-0.01781105250120163,0.15473540127277374,0.4378407299518585,0.36497077345848083,0.049892835319042206,5.003450870513916,-6.199522972106934,-2.869323253631592,0.19592978060245514,0.10696230828762054,0.03101930394768715,0.13798153400421143,0.03671630471944809,-0.04589477926492691,0.3418292999267578,0.0,0.0,0.0,0.0,0.0,0.0,0.0,0.0
0.3778343200683594,0.04552800580859184,-0.012589005753397942,0.15508140623569489,-0.21909305453300476,0.38325265049934387,-0.14870288968086243,-3.7083957195281982,1.4393373727798462,22.02678108215332,0.3177318274974823,0.03486814722418785,0.03587982431054115,-0.13504348695278168,0.05031690001487732,-0.04550023004412651,0.3443516492843628,0.0,0.0,0.0,0.0,0.0,0.0,0.0,0.0
0.39816951751708984,0.04144607111811638,-0.005297496449202299,0.15417024493217468,-0.32707273960113525,0.25185683369636536,-0.07041408121585846,-0.27694109082221985,0.8841364979743958,10.207374572753906,0.277833491563797,0.06507347524166107,0.11115402728319168,-0.07310445606708527,0.05350537970662117,-0.040551938116550446,0.3434731364250183,0.0,0.0,0.0,0.0,0.0,0.0,0.0,0.0
0.4185523986816406,0.034345995634794235,-0.004451954737305641,0.1510808765888214,-0.49744072556495667,0.01626119203865528,-0.13414163887500763,2.1491360664367676,-0.12985141575336456,9.992740631103516,0.28871721029281616,0.0878232792019844,0.12097924202680588,-0.07774250954389572,0.05817307531833649,-0.037692274898290634,0.34374871850013733,0.0,0.0,0.0,0.0,0.0,0.0,0.0,0.0
0.4390530586242676,0.02788173034787178,-0.005520107690244913,0.14853137731552124,-0.08832190185785294,-0.12168262153863907,-0.13351885974407196,0.5836161971092224,1.2943930625915527,5.2607526779174805,0.2934684455394745,0.09637454152107239,0.08062798529863358,-0.1516970545053482,0.061428170651197433,-0.034475892782211304,0.34422028064727783,0.0,0.0,0.0,0.0,0.0,0.0,0.0,0.0
0.4593515396118164,0.02574758231639862,-0.009581584483385086,0.14587122201919556,-0.06250821053981781,-0.13436709344387054,-0.08866357803344727,0.32535454630851746,0.2916872203350067,7.3964056968688965,0.28176450729370117,0.08577026426792145,0.014892003498971462,-0.10105080902576447,0.06323432177305222,-0.033668018877506256,0.34467488527297974,0.0,0.0,0.0,0.0,0.0,0.0,0.0,0.0
0.47963619232177734,0.027141863480210304,-0.013438343070447445,0.14426739513874054,0.07460956275463104,-0.1602638214826584,-0.07096876949071884,1.4958159923553467,-0.40667951107025146,8.207324981689453,0.3011018931865692,0.08327241986989975,-0.046205177903175354,-0.08533972501754761,0.06798043102025986,-0.03143785893917084,0.3447032570838928,0.0,0.0,0.0,0.0,0.0,0.0,0.0,0.0
0.4998953342437744,0.029726196080446243,-0.015956701710820198,0.14323168992996216,-0.0075316522270441055,0.16328366100788116,-0.06540106981992722,2.6746113300323486,-0.5840913653373718,9.15144157409668,0.33533644676208496,0.07516110688447952,-0.06412288546562195,-0.02285105362534523,0.07380184531211853,-0.0290361437946558,0.34400954842567444,0.0,0.0,0.0,0.0,0.0,0.0,0.0,0.0
0.5201375484466553,0.02825208380818367,-0.011493976227939129,0.14107313752174377,-0.5379119515419006,0.10265268385410309,-0.13499438762664795,3.377622604370117,-4.2654314041137695,12.210115432739258,0.3408763110637665,0.06017906963825226,0.015216885134577751,-0.04365776479244232,0.08015254884958267,-0.026613693684339523,0.34359219670295715,0.0,0.0,0.0,0.0,0.0,0.0,0.0,0.0
0.5403978824615479,0.01991543173789978,-0.010675126686692238,0.14001521468162537,-0.013885819353163242,0.0871964544057846,-0.009388066828250885,-2.0212628841400146,0.5390405058860779,12.354387283325195,0.36213868856430054,0.09022659063339233,0.07215475291013718,0.018441904336214066,0.089211605489254,-0.0203920379281044,0.3460179269313812,0.0,0.0,0.0,0.0,0.0,0.0,0.0,0.0
0.5607542991638184,0.020104747265577316,-0.009080017916858196,0.13973979651927948,0.09845047444105148,0.017543630674481392,-0.034736234694719315,-0.6965786814689636,0.7673737406730652,11.349289894104004,0.33442798256874084,0.07465893775224686,0.08685605973005295,-0.015711374580860138,0.09608042240142822,-0.020283274352550507,0.3461846709251404,0.0,0.0,0.0,0.0,0.0,0.0,0.0,0.0
0.5811767578125,0.021338321268558502,-0.009279405698180199,0.14157427847385406,0.10769303143024445,-0.014018596149981022,0.1003839373588562,-0.19047704339027405,0.37492749094963074,7.515800476074219,0.3330130875110626,0.06046312674880028,0.10264557600021362,0.11071431636810303,0.10200060904026031,-0.018789734691381454,0.3469856083393097,0.0,0.0,0.0,0.0,0.0,0.0,0.0,0.0
0.6013071537017822,0.022680554538965225,-0.010347293689846992,0.14407603442668915,-0.02792057767510414,-0.08264430612325668,0.1749851554632187,0.255332350730896,-0.7210302352905273,8.864667892456055,0.31928661465644836,0.05214308574795723,0.07395998388528824,0.1640942245721817,0.10683081299066544,-0.017882214859128,0.3484214246273041,0.0,0.0,0.0,0.0,0.0,0.0,0.0,0.0
0.6215364933013916,0.01880929060280323,-0.012600576505064964,0.1472519487142563,-0.2657333314418793,-0.10955101996660233,0.18692392110824585,0.17239902913570404,-0.6868451237678528,7.053566932678223,0.29236525297164917,0.056428682059049606,0.05316207930445671,0.17392195761203766,0.10943945497274399,-0.015461639501154423,0.34991589188575745,0.0,0.0,0.0,0.0,0.0,0.0,0.0,0.0
0.6417965888977051,0.01415303535759449,-0.016074150800704956,0.14990663528442383,-0.3385181427001953,-0.24457557499408722,0.08895143121480942,-0.0356982983648777,1.5930856466293335,6.910236835479736,0.300754189491272,0.057311709970235825,0.00012830967898480594,0.11587926000356674,0.11430422961711884,-0.013553648255765438,0.3508189916610718,0.0,0.0,0.0,0.0,0.0,0.0,0.0,0.0
0.6620993614196777,0.008912535384297371,-0.019386691972613335,0.15126964449882507,0.17561858892440796,0.2428918331861496,0.056605756282806396,0.7486793398857117,1.5440130233764648,10.167563438415527,0.30695655941963196,0.06205971539020538,-0.04112971946597099,0.06364306062459946,0.11997461318969727,-0.011448679491877556,0.35080304741859436,0.0,0.0,0.0,0.0,0.0,0.0,0.0,0.0
0.6823296546936035,0.014707555994391441,-0.010931309312582016,0.15189966559410095,0.3229198753833771,0.5137436985969543,0.09998799115419388,5.660183429718018,-5.328639984130859,-3.03328800201416,0.28479018807411194,0.07253724336624146,0.025858525186777115,-0.053052160888910294,0.12582753598690033,-0.00937406811863184,0.3504123091697693,0.0,0.0,0.0,0.0,0.0,0.0,0.0,0.0
0.7026145458221436,0.011463597416877747,-0.00392946507781744,0.15292146801948547,-0.24195557832717896,0.39797714352607727,-0.0058488743379712105,-1.112930178642273,1.986735463142395,15.77310848236084,0.36144325137138367,0.043652087450027466,0.07615765929222107,-0.1052669957280159,0.13942919671535492,-0.004549798090010881,0.35280290246009827,0.0,0.0,0.0,0.0,0.0,0.0,0.0,0.0
0.723038911819458,0.007480948697775602,0.006721715442836285,0.152642622590065,-0.3600384294986725,0.43410712480545044,-0.07385335117578506,0.3866707384586334,0.8847371935844421,14.892581939697266,0.3329075872898102,0.05283888056874275,0.11080851405858994,0.023591969162225723,0.14613643288612366,-4.296016413718462e-05,0.3520919680595398,0.0,0.0,0.0,0.0,0.0,0.0,0.0,0.0
0.7431745529174805,-0.0010740897851064801,0.01033491175621748,0.15018951892852783,-0.5584665536880493,0.09713176637887955,-0.11802249401807785,0.903010368347168,-1.5996278524398804,9.586421012878418,0.3317893147468567,0.09407489746809006,0.1474103182554245,-0.05631769075989723,0.1518574357032776,0.004796045832335949,0.35264852643013,0.0,0.0,0.0,0.0,0.0,0.0,0.0,0.0
0.7634832859039307,-0.005972529295831919,0.009583402425050735,0.14779219031333923,-0.024550601840019226,-0.1394454836845398,-0.1250486522912979,-0.0339522659778595,0.4085608720779419,5.508912563323975,0.32615578174591064,0.0988166555762291,0.1067788377404213,-0.14441412687301636,0.15601561963558197,0.0071998643688857555,0.3534840941429138,0.0,0.0,0.0,0.0,0.0,0.0,0.0,0.0
0.783759593963623,-0.0066513060592114925,0.005150930490344763,0.14544685184955597,0.05386822670698166,-0.1884784698486328,-0.10192353278398514,0.389312744140625,0.008754822425544262,6.781327247619629,0.3128470182418823,0.08156121522188187,0.02584334835410118,-0.1290273815393448,0.15794220566749573,0.007764850277453661,0.354011595249176,0.0,0.0,0.0,0.0,0.0,0.0,0.0,0.0
0.7940306663513184,-0.003399856388568878,0.0014733771095052361,0.14398103952407837,0.16889004409313202,-0.15432587265968323,-0.09941180795431137,0.8343085050582886,-0.631820559501648,10.068401336669922,0.3280514180660248,0.07629861682653427,-0.042268671095371246,-0.08344960957765579,0.16330136358737946,0.009836369194090366,0.3540203273296356,0.0,0.0,0.0,0.0,0.0,0.0,0.0,0.0
0.8142604827880859,0.0032449052669107914,-0.001588206272572279,0.143253892660141,0.6583071947097778,-0.0627310648560524,0.054272979497909546,1.321439266204834,-3.2169251441955566,5.375819683074951,0.35577261447906494,0.06679622083902359,-0.06432189792394638,-0.008432858623564243,0.1696242392063141,0.012100862339138985,0.353265643119812,0.0,0.0,0.0,0.0,0.0,0.0,0.0,0.0
0.8346457481384277,0.01149312499910593,-0.002671118825674057,0.1423376202583313,-0.37657687067985535,-0.22432762384414673,-0.10159782320261002,3.206433057785034,-3.599280595779419,15.016861915588379,0.35147756338119507,0.03969601169228554,-0.042643290013074875,0.06379347294569016,0.17661844193935394,0.013858668506145477,0.35202184319496155,0.0,0.0,0.0,0.0,0.0,0.0,0.0,0.0
0.8550131320953369,-0.0031966015230864286,-0.004180300049483776,0.14141114056110382,-0.25334325432777405,0.06667022407054901,-0.08208078145980835,-0.9164261221885681,-1.2906395196914673,9.169361114501953,0.3638516366481781,0.07756412029266357,0.08281811326742172,-0.06067723408341408,0.18420737981796265,0.0241568423807621,0.3539636433124542,0.0,0.0,0.0,0.0,0.0,0.0,0.0,0.0
0.8752918243408203,-0.0038909073919057846,-0.0029944570269435644,0.14007127285003662,0.07418997585773468,-0.02257532626390457,-0.04808329790830612,-0.7944619655609131,-1.4850624799728394,10.941344261169434,0.346143901348114,0.05436991900205612,0.07103363424539566,-0.08495106548070908,0.19244761765003204,0.023186972364783287,0.35389697551727295,0.0,0.0,0.0,0.0,0.0,0.0,0.0,0.0
0.8955609798431396,-0.003235104726627469,-0.003031707601621747,0.14057567715644836,0.01331483293324709,2.4801562176435255e-05,0.017931167036294937,0.6090380549430847,-0.12035776674747467,9.229135513305664,0.3492087125778198,0.03709116578102112,0.08919945359230042,0.045420389622449875,0.20084328949451447,0.02473420649766922,0.3544219434261322,0.0,0.0,0.0,0.0,0.0,0.0,0.0,0.0
0.9160425662994385,-0.00016387636424042284,-0.0035137967206537724,0.14262248575687408,0.14736096560955048,-0.08112366497516632,0.14505061507225037,0.22743265330791473,-0.5392029285430908,7.8395256996154785,0.33796384930610657,0.025361575186252594,0.04767560958862305,0.14720915257930756,0.20625829696655273,0.024454955011606216,0.35529959201812744,0.0,0.0,0.0,0.0,0.0,0.0,0.0,0.0
0.9363656044006348,-0.00033406176953576505,-0.006507586222141981,0.1455865353345871,-0.14188870787620544,-0.17116358876228333,0.17311422526836395,-0.05446303263306618,0.08749207109212875,8.84798526763916,0.31467577815055847,0.023403489962220192,0.01767447590827942,0.15050829946994781,0.2091457098722458,0.025768112391233444,0.3561505377292633,0.0,0.0,0.0,0.0,0.0,0.0,0.0,0.0
0.956817626953125,-0.0030890891794115305,-0.010398328304290771,0.14840276539325714,-0.27855414152145386,-0.21665886044502258,0.07263395935297012,0.211984321475029,1.081238031387329,8.87803840637207,0.3214564919471741,0.021992500871419907,-0.02308124117553234,0.09311660379171371,0.2147456556558609,0.027055205777287483,0.3565431833267212,0.0,0.0,0.0,0.0,0.0,0.0,0.0,0.0
0.9771456718444824,-0.004021143540740013,-0.010735775344073772,0.150174081325531,0.8685686588287354,0.5912637710571289,0.20847733318805695,1.6902908086776733,-1.0169870853424072,14.12211799621582,0.33331552147865295,0.028068657964468002,-0.027031568810343742,0.16432121396064758,0.22094643115997314,0.028579391539096832,0.35621508955955505,0.0,0.0,0.0,0.0,0.0,0.0,0.0,0.0
0.9975509643554688,0.004752106964588165,0.0008641674648970366,0.1520647257566452,-0.0951336994767189,0.4275168478488922,0.17990416288375854,4.525966167449951,-0.9905626773834229,-5.037410259246826,0.3448885679244995,0.01770845800638199,-0.008023287169635296,-0.03921997919678688,0.227568581700325,0.029861124232411385,0.3562995493412018,0.0,0.0,0.0,0.0,0.0,0.0,0.0,0.0
1.0179853439331055,-0.0032631054054945707,0.005516611039638519,0.15368011593818665,-0.15285198390483856,0.2691090703010559,-0.04249072074890137,-2.9203450679779053,3.3427531719207764,11.36982250213623,0.40395766496658325,0.03530731052160263,0.033741965889930725,-0.0003740953980013728,0.24082937836647034,0.03704463317990303,0.3584655225276947,0.0,0.0,0.0,0.0,0.0,0.0,0.0,0.0
1.0382745265960693,-0.005250589456409216,0.012823943048715591,0.15383854508399963,-0.15670204162597656,0.24770908057689667,-0.06494666635990143,-1.1055893898010254,1.4490156173706055,10.932011604309082,0.37061718106269836,0.042592231184244156,0.06100771948695183,0.0009973394917324185,0.2480810582637787,0.039446279406547546,0.3578014671802521,0.0,0.0,0.0,0.0,0.0,0.0,0.0,0.0
1.0586278438568115,-0.009011569432914257,0.013831316493451595,0.15113885700702667,-0.2619268000125885,-0.03316333517432213,-0.13692033290863037,0.8471260666847229,-0.04357462003827095,8.193814277648926,0.3543897271156311,0.05935382843017578,0.09645907580852509,-0.09116117656230927,0.2536393404006958,0.04208257794380188,0.3581711947917938,0.0,0.0,0.0,0.0,0.0,0.0,0.0,0.0
1.079007863998413,-0.008473471738398075,0.010746993124485016,0.14748309552669525,0.21117821335792542,-0.22120694816112518,-0.19766099750995636,-0.5531424283981323,0.05797189474105835,4.636013984680176,0.3465142250061035,0.0660676658153534,0.04341879487037659,-0.2157343626022339,0.2582613527774811,0.042504359036684036,0.3589538335800171,0.0,0.0,0.0,0.0,0.0,0.0,0.0,0.0
1.0994758605957031,-0.0056650894694030285,0.004970841109752655,0.14366303384304047,0.13720445334911346,-0.23587171733379364,-0.1726706475019455,-0.15493109822273254,-0.4347846508026123,6.817802429199219,0.32241374254226685,0.04981790482997894,-0.0223776176571846,-0.18107843399047852,0.26051196455955505,0.04167525842785835,0.3593975603580475,0.0,0.0,0.0,0.0,0.0,0.0,0.0,0.0
1.1200041770935059,-0.0009215636528097093,0.0002814260369632393,0.14052756130695343,0.236166313290596,-0.18655499815940857,-0.1658877730369568,1.274739384651184,-1.241465449333191,8.90253734588623,0.33260229229927063,0.04705871641635895,-0.09078220278024673,-0.15102025866508484,0.26594051718711853,0.042998261749744415,0.35882359743118286,0.0,0.0,0.0,0.0,0.0,0.0,0.0,0.0
1.1404359340667725,0.005047105718404055,-0.0024048590566962957,0.13886411488056183,0.4816054403781891,0.03643850237131119,-0.012666784226894379,2.87504506111145,-1.0767236948013306,4.423092365264893,0.3584137558937073,0.032218463718891144,-0.10261630266904831,-0.08035322278738022,0.272516667842865,0.04464675113558769,0.35718289017677307,0.0,0.0,0.0,0.0,0.0,0.0,0.0,0.0
1.1608240604400635,0.01341364998370409,-0.002079565776512027,0.13830173015594482,-0.048953231424093246,-0.2583582103252411,-0.07253037393093109,5.253358364105225,-3.4328231811523438,4.593287944793701,0.3461741507053375,0.02271055057644844,-0.06329759955406189,0.06856340169906616,0.2797275185585022,0.04592978581786156,0.3555813133716583,0.0,0.0,0.0,0.0,0.0,0.0,0.0,0.0
1.181227684020996,0.004479713272303343,-0.005219522397965193,0.13848848640918732,-0.30390608310699463,0.09259535372257233,-0.05551771819591522,-2.004582643508911,0.17131777107715607,10.987471580505371,0.35613688826560974,0.045924074947834015,0.06482722610235214,0.014936810359358788,0.28752079606056213,0.04952283203601837,0.35936424136161804,0.0,0.0,0.0,0.0,0.0,0.0,0.0,0.0
1.2016417980194092,0.004739629104733467,-0.0018076789565384388,0.13770127296447754,0.14909039437770844,0.07460266351699829,-0.06550319492816925,0.24922120571136475,0.06754272431135178,7.891897678375244,0.34190481901168823,0.03853115811944008,0.06552410125732422,-0.08137595653533936,0.2962557375431061,0.05009247362613678,0.3595673739910126,0.0,0.0,0.0,0.0,0.0,0.0,0.0,0.0
1.2219960689544678,0.006448480300605297,-0.0013632678892463446,0.13877874612808228,0.09697223454713821,0.02589602768421173,0.04589096084237099,-0.7530960440635681,0.5762708187103271,11.101386070251465,0.3447394371032715,0.01833222433924675,0.08109237998723984,0.06152886897325516,0.3034151792526245,0.050772860646247864,0.36046141386032104,0.0,0.0,0.0,0.0,0.0,0.0,0.0,0.0
1.2422764301300049,0.01037311926484108,-0.0020637973211705685,0.14017336070537567,0.16078799962997437,-0.12237463146448135,0.11004887521266937,0.32926511764526367,-0.2254735827445984,7.574936866760254,0.347473680973053,0.004433845169842243,0.030643628910183907,0.07743021100759506,0.3104734420776367,0.0506010539829731,0.3614952266216278,0.0,0.0,0.0,0.0,0.0,0.0,0.0,0.0
1.2627253532409668,0.011715373955667019,-0.005150708835572004,0.14200283586978912,0.03672952950000763,-0.16470079123973846,0.1355227380990982,0.29534825682640076,-0.49831828474998474,7.204514026641846,0.32468894124031067,0.0007561335805803537,-0.016412826254963875,0.10717862099409103,0.31496214866638184,0.05107512325048447,0.3622494637966156,0.0,0.0,0.0,0.0,0.0,0.0,0.0,0.0
1.2830801010131836,0.010709998197853565,-0.008743096143007278,0.1439221203327179,-0.28871336579322815,-0.22360680997371674,0.10373728722333908,0.9277721047401428,0.7387438416481018,7.974623680114746,0.33277690410614014,-0.004515796434134245,-0.06940377503633499,0.06568311899900436,0.32102853059768677,0.05183571204543114,0.3618248403072357,0.0,0.0,0.0,0.0,0.0,0.0,0.0,0.0
1.3034071922302246,0.004104589577764273,-0.012745757587254047,0.14475107192993164,0.21430908143520355,0.12165828049182892,-0.019752422347664833,1.3055442571640015,3.046206474304199,6.634608268737793,0.35231828689575195,-0.0030814448837190866,-0.07789600640535355,0.007987388409674168,0.32761508226394653,0.05282897129654884,0.3606247305870056,0.0,0.0,0.0,0.0,0.0,0.0,0.0,0.0
1.3238167762756348,0.013378234580159187,-0.004138356540352106,0.14556579291820526,0.5798565745353699,0.5426591038703918,0.1491062045097351,5.688826560974121,-4.1824188232421875,-2.5058157444000244,0.3423466384410858,0.0086705032736063,-0.04833962023258209,-0.09249262511730194,0.3346518278121948,0.053828950971364975,0.35924097895622253,0.0,0.0,0.0,0.0,0.0,0.0,0.0,0.0
1.3339810371398926,0.012756054289638996,0.0025585105177015066,0.14576049149036407,-0.3287140130996704,0.2630491256713867,-0.039007045328617096,-1.2481976747512817,0.764846920967102,16.163429260253906,0.4029879570007324,0.010834107175469398,0.02056809514760971,-0.1268259435892105,0.34707459807395935,0.057911649346351624,0.36183786392211914,0.0,0.0,0.0,0.0,0.0,0.0,0.0,0.0
1.3542978763580322,0.009319301694631577,0.009621607139706612,0.1445845365524292,-0.2551397979259491,0.236408993601799,-0.10031671077013016,-0.19972355663776398,1.3562326431274414,13.636322021484375,0.3731571435928345,0.02894003316760063,0.0770299956202507,-0.10101363062858582,0.35523557662963867,0.06120200455188751,0.36155152320861816,0.0,0.0,0.0,0.0,0.0,0.0,0.0,0.0
1.3746511936187744,0.004598279483616352,0.011229190044105053,0.1416117399930954,-0.21710902452468872,-0.00566366221755743,-0.14069265127182007,-0.14799171686172485,-1.5317782163619995,8.398443222045898,0.3727499842643738,0.05531158670783043,0.109998419880867,-0.09490238130092621,0.36281105875968933,0.06394915282726288,0.3622771203517914,0.0,0.0,0.0,0.0,0.0,0.0,0.0,0.0
1.3949313163757324,0.005463185720145702,0.009124496951699257,0.13876329362392426,0.19648809731006622,-0.18260861933231354,-0.15187987685203552,-0.09049271792173386,-0.09364359825849533,6.2418389320373535,0.36403417587280273,0.045720379799604416,0.05240797623991966,-0.17543964087963104,0.36887460947036743,0.06426060199737549,0.36295467615127563,0.0,0.0,0.0,0.0,0.0,0.0,0.0,0.0
1.4152851104736328,0.008323444984853268,0.0039773560129106045,0.13605691492557526,0.12638311088085175,-0.23992297053337097,-0.1054546907544136,-0.8062389492988586,0.4265652298927307,6.228728771209717,0.338336318731308,0.030490238219499588,-0.02000289224088192,-0.14949502050876617,0.37213411927223206,0.06378240883350372,0.3632907271385193,0.0,0.0,0.0,0.0,0.0,0.0,0.0,0.0
1.435770034790039,0.012292297556996346,-0.0006908258656039834,0.13410410284996033,0.1999889314174652,-0.1892983317375183,-0.05226334556937218,1.3454657793045044,-0.15072225034236908,5.567340850830078,0.34870490431785583,0.026808591559529305,-0.09064595401287079,-0.0862971767783165,0.3780275881290436,0.06491744518280029,0.3626392185688019,0.0,0.0,0.0,0.0,0.0,0.0,0.0,0.0
1.4561166763305664,0.01805182732641697,-0.003458072431385517,0.13367344439029694,0.47193142771720886,0.057759109884500504,0.050084009766578674,2.2400944232940674,-3.168379306793213,8.36212158203125,0.37763547897338867,0.016692131757736206,-0.10878413915634155,0.0020410586148500443,0.3849414587020874,0.06623795628547668,0.36087679862976074,0.0,0.0,0.0,0.0,0.0,0.0,0.0,0.0
1.4764304161071777,0.02632681280374527,-0.0038351360708475113,0.13429264724254608,-0.1435098797082901,-0.29792097210884094,0.0290878526866436,2.75882625579834,0.7297133207321167,6.386624336242676,0.3879164755344391,-0.005684997886419296,-0.08192170411348343,0.07532848417758942,0.3927435576915741,0.06705713272094727,0.35923877358436584,0.0,0.0,0.0,0.0,0.0,0.0,0.0,0.0
1.4970171451568604,0.01722853071987629,-0.0058400738053023815,0.1347176730632782,-0.19874359667301178,0.08483882993459702,-0.03826124221086502,-3.037581205368042,2.8051681518554688,13.911277770996094,0.383372962474823,0.03749758005142212,0.036302000284194946,-0.02483711764216423,0.40017661452293396,0.07385373115539551,0.3619864881038666,0.0,0.0,0.0,0.0,0.0,0.0,0.0,0.0
1.517460823059082,0.016008427366614342,-0.001962509471923113,0.13363777101039886,0.14940689504146576,0.12065956741571426,-0.08276672661304474,0.2175287902355194,0.3833616077899933,8.967453002929688,0.38102492690086365,0.03516833111643791,0.05369153991341591,-0.05433892086148262,0.41253918409347534,0.07352575659751892,0.3625406324863434,0.0,0.0,0.0,0.0,0.0,0.0,0.0,0.0
1.538041114807129,0.018494339659810066,-0.0001558662625029683,0.13410477340221405,0.12689635157585144,0.05121399834752083,0.04088933765888214,-0.03772038221359253,-0.11019556224346161,10.742883682250977,0.3760393261909485,0.01600547507405281,0.05978641286492348,-0.01670731231570244,0.4203702509403229,0.07304532080888748,0.3634057939052582,0.0,0.0,0.0,0.0,0.0,0.0,0.0,0.0
1.5582687854766846,0.024031270295381546,-7.581290992675349e-05,0.13538044691085815,0.24940316379070282,-0.0824315994977951,0.10004810988903046,0.5733354091644287,-0.46349379420280457,7.25819730758667,0.36835944652557373,-0.0051221102476119995,0.01656036637723446,0.07576906681060791,0.4276087284088135,0.07144792377948761,0.3644416034221649,0.0,0.0,0.0,0.0,0.0,0.0,0.0,0.0
1.5789856910705566,0.026797445490956306,-0.0028249246533960104,0.13727381825447083,0.07790791988372803,-0.17330558598041534,0.15591634809970856,-0.011422213166952133,-0.1458236575126648,7.153453350067139,0.3468325734138489,-0.014606336131691933,-0.030437452718615532,0.10384386777877808,0.431430846452713,0.0712990015745163,0.3651887774467468,0.0,0.0,0.0,0.0,0.0,0.0,0.0,0.0
1.5993294715881348,0.026583194732666016,-0.006705284584313631,0.13936085999011993,-0.252052903175354,-0.22591052949428558,0.07998953014612198,0.9416249394416809,1.0390936136245728,8.98226547241211,0.3587538003921509,-0.02355324849486351,-0.07362856715917587,0.09307833760976791,0.43782663345336914,0.07172841578722,0.36462104320526123,0.0,0.0,0.0,0.0,0.0,0.0,0.0,0.0
1.6199371814727783,0.018008707091212273,-0.011305902153253555,0.14033284783363342,-0.14635591208934784,-0.04822801426053047,0.009981337934732437,1.9547319412231445,1.2538164854049683,11.322897911071777,0.3761945366859436,-0.0233746450394392,-0.07941330969333649,0.0011231558164581656,0.44496455788612366,0.07241695374250412,0.3633863031864166,0.0,0.0,0.0,0.0,0.0,0.0,0.0,0.0
1.6405329704284668,0.024533327668905258,-0.005004311911761761,0.1412210315465927,0.6597558856010437,0.5087333917617798,0.09148214757442474,2.6769120693206787,-2.8863723278045654,-2.0105128288269043,0.3726117014884949,-0.01371597871184349,-0.02837456949055195,-0.03972061723470688,0.45270493626594543,0.07311487942934036,0.3621409237384796,0.0,0.0,0.0,0.0,0.0,0.0,0.0,0.0
1.6613495349884033,0.025806404650211334,0.0021086481865495443,0.14112645387649536,-0.3474831283092499,0.31740158796310425,-0.0613081157207489,-2.316709280014038,1.7866885662078857,17.693702697753906,0.4099619388580322,-0.011338172480463982,0.023697951808571815,-0.0889030247926712,0.4651835560798645,0.07569703459739685,0.3647422790527344,0.0,0.0,0.0,0.0,0.0,0.0,0.0,0.0
1.6817090511322021,0.02108869142830372,0.009007612243294716,0.13968731462955475,-0.3981592357158661,0.18923428654670715,-0.08667968958616257,-1.4601315259933472,1.217821717262268,11.070298194885254,0.3783564865589142,0.011045006103813648,0.0738920271396637,-0.16886304318904877,0.47467610239982605,0.0802028477191925,0.36430421471595764,0.0,0.0,0.0,0.0,0.0,0.0,0.0,0.0
1.702165126800537,0.01424309704452753,0.010643810965120792,0.1368308812379837,-0.2624303996562958,0.014093693345785141,-0.10945369303226471,0.6346068978309631,-0.24242888391017914,6.985572338104248,0.37371429800987244,0.03605285659432411,0.11323659121990204,-0.07255996763706207,0.48309195041656494,0.08298720419406891,0.36490318179130554,0.0,0.0,0.0,0.0,0.0,0.0,0.0,0.0
1.7225353717803955,0.01445147767663002,0.008631162345409393,0.13445638120174408,0.13227614760398865,-0.15509474277496338,-0.13631567358970642,-0.7792038321495056,0.39197030663490295,6.256153106689453,0.3713773787021637,0.03779139742255211,0.058510176837444305,-0.12824097275733948,0.4896252453327179,0.08287234604358673,0.36569374799728394,0.0,0.0,0.0,0.0,0.0,0.0,0.0,0.0
1.7429487705230713,0.01667516492307186,0.0049951933324337006,0.13234920799732208,0.10294275730848312,-0.15375840663909912,-0.04730914905667305,0.22638656198978424,-0.5800384879112244,6.39457893371582,0.34455424547195435,0.02260194718837738,-0.014219602569937706,-0.10851272195577621,0.49256134033203125,0.08217617869377136,0.36595016717910767,0.0,0.0,0.0,0.0,0.0,0.0,0.0,0.0
1.7632815837860107,0.020543815568089485,0.0013004530919715762,0.13105666637420654,0.1697397381067276,-0.1646527349948883,-0.029530249536037445,1.4776597023010254,-1.4440408945083618,10.373112678527832,0.35692548751831055,0.022796161472797394,-0.09895996004343033,-0.06259501725435257,0.4986882507801056,0.08316466957330704,0.36527061462402344,0.0,0.0,0.0,0.0,0.0,0.0,0.0,0.0
1.7837026119232178,0.02554234303534031,-0.0019367053173482418,0.1312195360660553,0.4552033841609955,-0.014827175065875053,0.09079405665397644,2.889420986175537,-2.1490588188171387,7.034818649291992,0.3826282024383545,0.017902569845318794,-0.10185999423265457,0.0034751754719763994,0.5057603120803833,0.08441431820392609,0.36356058716773987,0.0,0.0,0.0,0.0,0.0,0.0,0.0,0.0
1.7939720153808594,0.034376442432403564,-0.003768754191696644,0.13212361931800842,0.017637060955166817,-0.34441202878952026,-0.04347880557179451,3.953373432159424,-2.16438627243042,11.95715045928955,0.37570491433143616,-0.0020004187244921923,-0.04078492522239685,0.07272642850875854,0.5135747194290161,0.08519522845745087,0.36224040389060974,0.0,0.0,0.0,0.0,0.0,0.0,0.0,0.0
1.8143372535705566,0.024833740666508675,-0.00607126671820879,0.13197118043899536,-0.20296303927898407,0.09671472758054733,-0.09868179261684418,-2.490217685699463,0.1114502027630806,11.0271577835083,0.37561628222465515,0.031491417437791824,0.10602518916130066,-0.015552481636404991,0.521811842918396,0.09283693134784698,0.3647601306438446,0.0,0.0,0.0,0.0,0.0,0.0,0.0,0.0
1.8347742557525635,0.02264263480901718,-0.001527678337879479,0.13049651682376862,0.008458461612462997,0.17817825078964233,-0.06586270779371262,-0.5899254083633423,-0.4311896562576294,8.797318458557129,0.36318549513816833,0.03008107654750347,0.09319963306188583,-0.08047947287559509,0.5337313413619995,0.09198281168937683,0.36531198024749756,0.0,0.0,0.0,0.0,0.0,0.0,0.0,0.0
1.855156421661377,0.024540113285183907,0.0001472942385589704,0.1309637725353241,0.15589730441570282,0.039874233305454254,0.028127171099185944,-1.0327212810516357,1.170607328414917,10.288095474243164,0.36767393350601196,0.008925487287342548,0.09602735936641693,0.0025811861269176006,0.5428328514099121,0.09144841134548187,0.3661082088947296,0.0,0.0,0.0,0.0,0.0,0.0,0.0,0.0
1.8755216598510742,0.03017175756394863,0.000348144763847813,0.13274946808815002,0.23876838386058807,-0.0440773069858551,0.09897629916667938,0.2419559508562088,0.08182240277528763,7.700425624847412,0.354722797870636,-0.005931135267019272,0.05308016389608383,0.12401597201824188,0.5496397018432617,0.08954862505197525,0.36699703335762024,0.0,0.0,0.0,0.0,0.0,0.0,0.0,0.0
1.8959805965423584,0.031913891434669495,-0.001098100794479251,0.13513484597206116,0.04705284908413887,-0.07526511698961258,0.15358276665210724,0.874157726764679,-1.0260907411575317,6.001074314117432,0.3323938250541687,-0.008265113458037376,-0.0027573732659220695,0.11865244805812836,0.553077220916748,0.08981022238731384,0.3673768639564514,0.0,0.0,0.0,0.0,0.0,0.0,0.0,0.0
1.9163403511047363,0.03141806274652481,-0.00356493704020977,0.13743551075458527,-0.2767053544521332,-0.18281550705432892,0.08802177011966705,0.6730923652648926,0.9440474510192871,8.804731369018555,0.34610065817832947,-0.01886613480746746,-0.05769553780555725,0.10404956340789795,0.5593128800392151,0.090262770652771,0.3669200539588928,0.0,0.0,0.0,0.0,0.0,0.0,0.0,0.0
1.9367737770080566,0.02461901120841503,-0.007662700954824686,0.1383938491344452,0.10749366134405136,0.064908467233181,-0.004966399632394314,2.0084848403930664,0.2073216438293457,14.137838363647461,0.36522170901298523,-0.015007557347416878,-0.051006902009248734,-0.019242724403738976,0.566162645816803,0.09100408852100372,0.3659253716468811,0.0,0.0,0.0,0.0,0.0,0.0,0.0,0.0
1.9571950435638428,0.03280844911932945,-9.266800771001726e-05,0.13898195326328278,0.012166380882263184,0.34238776564598083,0.0805712342262268,4.657510757446289,-4.38775110244751,9.79534912109375,0.3657677471637726,-0.005129451863467693,-0.005725584924221039,-0.06302590668201447,0.5735761523246765,0.09165515750646591,0.36542123556137085,0.0,0.0,0.0,0.0,0.0,0.0,0.0,0.0
1.9775276184082031,0.029402252286672592,0.0034892517141997814,0.13891097903251648,-0.23860159516334534,0.15780244767665863,-0.07256020605564117,-1.7795816659927368,0.02431289665400982,9.816991806030273,0.4095938503742218,0.007854306139051914,0.05630809813737869,-0.15042442083358765,0.5849011540412903,0.097586989402771,0.36667245626449585,0.0,0.0,0.0,0.0,0.0,0.0,0.0,0.0
1.9978318214416504,0.025957172736525536,0.009866678155958652,0.13786758482456207,-0.23775872588157654,0.26533570885658264,-0.11853290349245071,-0.8906568884849548,1.4160951375961304,11.682098388671875,0.3860050439834595,0.005086925812065601,0.062127307057380676,-0.0010652546770870686,0.5945216417312622,0.09994170814752579,0.36592188477516174,0.0,0.0,0.0,0.0,0.0,0.0,0.0,0.0
2.0183515548706055,0.021616922691464424,0.01128756906837225,0.1353750377893448,-0.19508536159992218,0.0038178288377821445,-0.1215667650103569,0.6889009475708008,-0.2864430546760559,5.52621603012085,0.3825606405735016,0.03013451397418976,0.0608786903321743,-0.09483847767114639,0.6024446487426758,0.10250497609376907,0.3660731613636017,0.0,0.0,0.0,0.0,0.0,0.0,0.0,0.0
2.038663864135742,0.021211404353380203,0.009503471665084362,0.1333925873041153,0.055905357003211975,-0.14128954708576202,-0.09680986404418945,-0.8523416519165039,1.0618791580200195,5.2821736335754395,0.37000784277915955,0.027976902201771736,0.016221612691879272,-0.12300843745470047,0.6083227396011353,0.1023956686258316,0.36620646715164185,0.0,0.0,0.0,0.0,0.0,0.0,0.0,0.0
2.0591039657592773,0.02214120700955391,0.00550644239410758,0.13154079020023346,0.04781356453895569,-0.17366327345371246,-0.06224653497338295,-0.3962937891483307,0.20314395427703857,6.20320987701416,0.342088907957077,0.01974630355834961,-0.04728230461478233,-0.08071836084127426,0.6123188138008118,0.10264112055301666,0.3661245107650757,0.0,0.0,0.0,0.0,0.0,0.0,0.0,0.0
2.0793139934539795,0.02507706545293331,0.0016841329634189606,0.13008014857769012,0.15001313388347626,-0.16286255419254303,-0.057719700038433075,1.1403801441192627,-0.5119434595108032,8.394359588623047,0.3533792495727539,0.020765073597431183,-0.12036386877298355,-0.06896405667066574,0.6187845468521118,0.10379105061292648,0.36503782868385315,0.0,0.0,0.0,0.0,0.0,0.0,0.0,0.0
2.099604368209839,0.030421843752264977,-0.0014926223084330559,0.12965567409992218,0.2256331443786621,-0.02658689394593239,0.0018362181726843119,3.2508556842803955,-0.5807306170463562,6.1287760734558105,0.37783944606781006,0.011436852626502514,-0.1205318495631218,-0.014080440625548363,0.6258165240287781,0.10502522438764572,0.36289268732070923,0.0,0.0,0.0,0.0,0.0,0.0,0.0,0.0
2.1199121475219727,0.03349236398935318,-0.0011332790600135922,0.12902246415615082,-0.3314197361469269,-0.13615725934505463,-0.06576605886220932,4.231575965881348,-3.653430700302124,16.30916976928711,0.3509448766708374,0.03207361325621605,-0.019532393664121628,-0.07451191544532776,0.6334396004676819,0.1061089038848877,0.3613603413105011,0.0,0.0,0.0,0.0,0.0,0.0,0.0,0.0
2.1402053833007812,0.025867827236652374,-0.0016382696339860559,0.1278935819864273,-0.08470650017261505,0.08915961533784866,-0.0982644185423851,-2.1912248134613037,-0.09230009466409683,10.914689064025879,0.35422155261039734,0.06499764323234558,0.04435208439826965,-0.003437308594584465,0.6412147879600525,0.10964702069759369,0.3646903336048126,0.0,0.0,0.0,0.0,0.0,0.0,0.0,0.0
2.160478353500366,0.02493077516555786,0.001906686695292592,0.1268383413553238,0.15274448692798615,0.1797415167093277,-0.03235907107591629,-0.48744431138038635,0.20006413757801056,9.476920127868652,0.34828850626945496,0.0472199022769928,0.05271823704242706,-0.05136413499712944,0.6508574485778809,0.10992681980133057,0.3655524253845215,0.0,0.0,0.0,0.0,0.0,0.0,0.0,0.0
2.1807281970977783,0.02745387889444828,0.004019259009510279,0.12749391794204712,0.19630466401576996,0.07418854534626007,0.03246314078569412,-0.5530203580856323,0.6657766103744507,8.612930297851562,0.3466528654098511,0.025700978934764862,0.05313717946410179,0.019896605983376503,0.6581721305847168,0.10985659807920456,0.3665066659450531,0.0,0.0,0.0,0.0,0.0,0.0,0.0,0.0
2.20100474357605,0.03270099312067032,0.0032189320772886276,0.1294233798980713,0.14470162987709045,-0.1146039068698883,0.11576101928949356,0.47705981135368347,-0.0784347727894783,7.5462188720703125,0.34967443346977234,0.001695777289569378,0.0028496040031313896,0.13445352017879486,0.6653134226799011,0.10892785340547562,0.36742159724235535,0.0,0.0,0.0,0.0,0.0,0.0,0.0,0.0
2.2213261127471924,0.03478308394551277,0.0001195488657685928,0.13196954131126404,0.07089036703109741,-0.17477232217788696,0.18999993801116943,0.1695035845041275,-0.1672157347202301,7.7992329597473145,0.3295663297176361,-0.004319204017519951,-0.04699523001909256,0.15463392436504364,0.6700208187103271,0.10900041460990906,0.36795851588249207,0.0,0.0,0.0,0.0,0.0,0.0,0.0,0.0
2.2416248321533203,0.032128822058439255,-0.0036333510652184486,0.13423553109169006,-0.39130899310112,-0.22985690832138062,0.0627010390162468,0.8722006678581238,1.344805121421814,9.242432594299316,0.32868996262550354,-0.0081948796287179,-0.07729052007198334,0.1050303652882576,0.6761031150817871,0.10958101600408554,0.3671683073043823,0.0,0.0,0.0,0.0,0.0,0.0,0.0,0.0
2.261920928955078,0.023495668545365334,-0.008164769969880581,0.1348998099565506,-0.017061159014701843,-0.038721028715372086,-0.010532942600548267,1.5732462406158447,2.958768129348755,10.710406303405762,0.34562423825263977,-0.002707123989239335,-0.0756048858165741,-0.07284364849328995,0.682600736618042,0.11051565408706665,0.3658842146396637,0.0,0.0,0.0,0.0,0.0,0.0,0.0,0.0
2.2820563316345215,0.02931489236652851,-0.0026420606300234795,0.13500718772411346,0.11451786011457443,0.2740938663482666,0.01869959756731987,3.0274980068206787,-2.0308725833892822,7.666745662689209,0.34036922454833984,0.006003330461680889,-0.007973453029990196,-0.09827166795730591,0.6895384192466736,0.11150366812944412,0.36488574743270874,0.0,0.0,0.0,0.0,0.0,0.0,0.0,0.0
2.3022873401641846,0.028095100075006485,0.000351585476892069,0.13459062576293945,-0.1349824219942093,0.2134883552789688,-0.08735090494155884,-2.776146411895752,1.0709586143493652,11.341334342956543,0.3690236806869507,0.026233548298478127,0.04544790834188461,-0.15063831210136414,0.699894905090332,0.11481998860836029,0.3672940135002136,0.0,0.0,0.0,0.0,0.0,0.0,0.0,0.0
2.3227181434631348,0.024662362411618233,0.007817595265805721,0.13350851833820343,-0.2695544958114624,0.32890015840530396,-0.12767110764980316,0.14765189588069916,2.7522683143615723,12.452229499816895,0.35720255970954895,0.015362675301730633,0.04335727542638779,-0.0009314668131992221,0.710347056388855,0.1173524484038353,0.36721211671829224,0.0,0.0,0.0,0.0,0.0,0.0,0.0,0.0
2.343050718307495,0.019522039219737053,0.01017156895250082,0.13112305104732513,-0.2528594434261322,-0.0018648002296686172,-0.10846950113773346,0.28098732233047485,-1.6827198266983032,8.053107261657715,0.35628828406333923,0.0483768992125988,0.05427528917789459,-0.08733101189136505,0.7181981801986694,0.12004826962947845,0.36772826313972473,0.0,0.0,0.0,0.0,0.0,0.0,0.0,0.0
2.3633852005004883,0.01836555264890194,0.008506308309733868,0.12915976345539093,0.04752415791153908,-0.1384751945734024,-0.1045738160610199,-0.20804661512374878,0.1780567169189453,6.776181697845459,0.34836986660957336,0.047721490263938904,0.02275804430246353,-0.1072767972946167,0.7243961095809937,0.12053266912698746,0.36831632256507874,0.0,0.0,0.0,0.0,0.0,0.0,0.0,0.0
2.3836772441864014,0.019002463668584824,0.004884654190391302,0.1272301971912384,0.08764807879924774,-0.1567089855670929,-0.08477839827537537,0.37398868799209595,-0.507022500038147,6.702885150909424,0.32312846183776855,0.034278105944395065,-0.04031430184841156,-0.114435113966465,0.7276831269264221,0.1202404648065567,0.368535578250885,0.0,0.0,0.0,0.0,0.0,0.0,0.0,0.0
2.3938827514648438,0.021875208243727684,0.001527829677797854,0.12573125958442688,0.13120053708553314,-0.1553216576576233,-0.07764934003353119,1.1068326234817505,-0.8160610795021057,11.334320068359375,0.33576661348342896,0.02595151588320732,-0.11141841113567352,-0.06545044481754303,0.7334178686141968,0.12133333086967468,0.36757344007492065,0.0,0.0,0.0,0.0,0.0,0.0,0.0,0.0
2.4141900539398193,0.026973586529493332,-0.0015451166545972228,0.1251920461654663,0.2589016258716583,-0.00914746429771185,-0.011239316314458847,2.3323729038238525,-2.6029911041259766,14.626662254333496,0.364602267742157,0.017090775072574615,-0.11661164462566376,0.02579091675579548,0.740061342716217,0.12254880368709564,0.36578676104545593,0.0,0.0,0.0,0.0,0.0,0.0,0.0,0.0
2.434448719024658,0.028936507180333138,-5.0717306294245645e-05,0.12486524879932404,-0.49807146191596985,-0.011349208652973175,-0.21596519649028778,2.160186290740967,0.1372540295124054,16.377607345581055,0.37592804431915283,-0.0020982217974960804,-0.015017805621027946,0.006835179403424263,0.7477479577064514,0.12352753430604935,0.3645641803741455,0.0,0.0,0.0,0.0,0.0,0.0,0.0,0.0
2.454714298248291,0.02104872651398182,0.0005217957077547908,0.12440979480743408,-0.12040328979492188,0.17174094915390015,-0.0689658671617508,-3.1539762020111084,0.8906574249267578,7.91726541519165,0.38249388337135315,0.02580452896654606,0.07607777416706085,-0.04910196363925934,0.7559617757797241,0.12806390225887299,0.3672136664390564,0.0,0.0,0.0,0.0,0.0,0.0,0.0,0.0
2.4751343727111816,0.017888400703668594,0.005644052755087614,0.12383599579334259,0.09391224384307861,0.224726140499115,0.09656709432601929,-1.0484822988510132,1.7665977478027344,8.731484413146973,0.370617151260376,0.013319503515958786,0.06705887615680695,-0.013468338176608086,0.7667708992958069,0.12772029638290405,0.3673735558986664,0.0,0.0,0.0,0.0,0.0,0.0,0.0,0.0
2.4953393936157227,0.020797772333025932,0.006697521079331636,0.1255459189414978,0.23370662331581116,-0.01280718669295311,0.0844971239566803,-0.8595163822174072,0.8019975423812866,8.220376014709473,0.3656705617904663,0.007430803030729294,0.04751797392964363,0.06996626406908035,0.7745670676231384,0.12689201533794403,0.3676104247570038,0.0,0.0,0.0,0.0,0.0,0.0,0.0,0.0
2.515665054321289,0.024361344054341316,0.004888426978141069,0.1282890886068344,0.04426537826657295,-0.1414567083120346,0.13128255307674408,0.20457422733306885,0.10267955809831619,7.7802042961120605,0.36206379532814026,-0.003353944281116128,0.009851494804024696,0.14175352454185486,0.7815830111503601,0.1262986958026886,0.3679204285144806,0.0,0.0,0.0,0.0,0.0,0.0,0.0,0.0
2.53596568107605,0.024418313056230545,0.0020755145233124495,0.13064680993556976,0.04711255431175232,-0.1372947245836258,0.1503264158964157,-0.5725501179695129,0.2047259509563446,6.870048522949219,0.3372451663017273,-0.0006123968050815165,-0.04132656008005142,0.13932834565639496,0.7852858304977417,0.12721844017505646,0.36802875995635986,0.0,0.0,0.0,0.0,0.0,0.0,0.0,0.0
2.556098699569702,0.02125450037419796,-0.0019753617234528065,0.1319599449634552,-0.4076836109161377,-0.2487659752368927,0.026020709425210953,0.7765570878982544,0.46326908469200134,11.193902015686035,0.3426373302936554,-0.003369270358234644,-0.07079493254423141,0.020613841712474823,0.7914931178092957,0.12799300253391266,0.36711251735687256,0.0,0.0,0.0,0.0,0.0,0.0,0.0,0.0
2.57643985748291,0.013658147305250168,-0.007048687897622585,0.13117803633213043,0.005818059202283621,0.017716633155941963,-0.09618470072746277,2.2646684646606445,0.7137358784675598,14.793017387390137,0.3636632263660431,0.006495971232652664,-0.05394301563501358,-0.12487402558326721,0.7982370257377625,0.12900134921073914,0.3659944236278534,0.0,0.0,0.0,0.0,0.0,0.0,0.0,0.0
2.5967519283294678,0.02204051986336708,0.0003129027027171105,0.12970685958862305,0.3537459373474121,0.45763784646987915,0.04578864201903343,2.8927457332611084,0.01060858741402626,-1.7014014720916748,0.3459436297416687,0.012193704955279827,0.047553133219480515,-0.13158246874809265,0.805607259273529,0.13006050884723663,0.365529865026474,0.0,0.0,0.0,0.0,0.0,0.0,0.0,0.0
2.6170830726623535,0.020007900893688202,0.006163216661661863,0.12825483083724976,-0.356033593416214,0.21107682585716248,-0.11795174330472946,-1.904637336730957,3.091784954071045,13.43798828125,0.39534443616867065,0.02995201200246811,0.0974542424082756,-0.22701488435268402,0.820012092590332,0.13561676442623138,0.3679054081439972,0.0,0.0,0.0,0.0,0.0,0.0,0.0,0.0
2.6374573707580566,0.014980984851717949,0.013400665484368801,0.12646660208702087,-0.2878320515155792,0.29204100370407104,-0.11867064982652664,-0.5227714776992798,1.9031155109405518,12.122118949890137,0.3760126531124115,0.04405921325087547,0.11132614314556122,-0.08113233000040054,0.8292804956436157,0.13978032767772675,0.3676066994667053,0.0,0.0,0.0,0.0,0.0,0.0,0.0,0.0
2.657900810241699,0.00947911199182272,0.016068264842033386,0.12401768565177917,-0.27338188886642456,0.069322869181633,-0.09325069934129715,1.2164138555526733,-0.7427187561988831,6.2063822746276855,0.38107597827911377,0.06365562230348587,0.12675106525421143,-0.06541650742292404,0.8377802968025208,0.1424483358860016,0.3678569495677948,0.0,0.0,0.0,0.0,0.0,0.0,0.0,0.0
2.6782333850860596,0.009162342175841331,0.01500947866588831,0.12262380868196487,0.08720274269580841,-0.13094556331634521,-0.06048870459198952,-0.6409440636634827,0.46031489968299866,5.83323335647583,0.38319429755210876,0.06831981241703033,0.07612642645835876,-0.08469120413064957,0.844369649887085,0.14308834075927734,0.3682749569416046,0.0,0.0,0.0,0.0,0.0,0.0,0.0,0.0
2.6984643936157227,0.010292853228747845,0.010972817428410053,0.12147261947393417,0.12342400848865509,-0.16403427720069885,-0.060281429439783096,-0.04768748953938484,-0.07747095078229904,5.213201522827148,0.3636930286884308,0.053796835243701935,0.004310768563300371,-0.06581079214811325,0.8478851318359375,0.14296844601631165,0.3682074248790741,0.0,0.0,0.0,0.0,0.0,0.0,0.0,0.0
2.718797445297241,0.013985717669129372,0.007352365646511316,0.1206422969698906,0.1784159541130066,-0.1234840676188469,-0.03785830736160278,1.0647481679916382,-0.8881655931472778,10.69102954864502,0.37929391860961914,0.05329347029328346,-0.08266931027173996,-0.02724800817668438,0.8543969988822937,0.1444905400276184,0.36762475967407227,0.0,0.0,0.0,0.0,0.0,0.0,0.0,0.0
2.739086866378784,0.02057359181344509,0.004016922786831856,0.1206059455871582,0.5352145433425903,-0.1698472946882248,0.08518148213624954,2.529836893081665,-2.1387200355529785,6.664454460144043,0.40656551718711853,0.05130896344780922,-0.0758187398314476,0.038632649928331375,0.8618332743644714,0.14632081985473633,0.3662428557872772,0.0,0.0,0.0,0.0,0.0,0.0,0.0,0.0
2.759352207183838,0.026002850383520126,0.0009543092455714941,0.12007846683263779,-0.8206161856651306,-0.20830939710140228,0.05907217040657997,3.0813026428222656,-2.824448585510254,21.05820655822754,0.3702414631843567,0.04893774166703224,0.0645245760679245,-0.16467402875423431,0.8698363900184631,0.1479676216840744,0.36554861068725586,0.0,0.0,0.0,0.0,0.0,0.0,0.0,0.0
2.7796616554260254,0.011989254504442215,0.00045552942901849747,0.11853736639022827,-0.15403950214385986,0.08410964906215668,-0.09394561499357224,-1.7343885898590088,-0.2101570963859558,8.005071640014648,0.3694723844528198,0.0994957759976387,0.07930073142051697,-0.11793603003025055,0.8784056901931763,0.1574414074420929,0.3670497238636017,0.0,0.0,0.0,0.0,0.0,0.0,0.0,0.0
2.799985885620117,0.011896026320755482,0.003414176171645522,0.11693745106458664,0.12954576313495636,0.12495487183332443,-0.10361792147159576,-0.9559275507926941,-1.0112043619155884,6.6872687339782715,0.3607702851295471,0.07392195612192154,0.043983571231365204,-0.10037833452224731,0.8906853795051575,0.1555507481098175,0.3666674494743347,0.0,0.0,0.0,0.0,0.0,0.0,0.0,0.0
2.8201651573181152,0.015579178929328918,0.005076718982309103,0.11575883626937866,0.2455434948205948,0.042024604976177216,-0.09622180461883545,-0.9269607663154602,1.2027316093444824,10.592911720275879,0.3579634428024292,0.044781893491744995,0.048254452645778656,-0.07364650815725327,0.9004281759262085,0.15492525696754456,0.3667532503604889,0.0,0.0,0.0,0.0,0.0,0.0,0.0,0.0
2.8404922485351562,0.0220712348818779,0.005618422292172909,0.11611590534448624,0.24931569397449493,-0.0403352715075016,0.04670634865760803,-0.07518481463193893,0.47108370065689087,8.28029727935791,0.35761260986328125,0.015756970271468163,0.02078491635620594,0.04337301105260849,0.9090526103973389,0.15299156308174133,0.3672703504562378,0.0,0.0,0.0,0.0,0.0,0.0,0.0,0.0
2.8608810901641846,0.02368544414639473,0.004762455355376005,0.11758501827716827,0.033884383738040924,-0.08247129619121552,0.11636816710233688,0.5178164839744568,-0.4350813627243042,6.564010143280029,0.3359060287475586,0.009231775999069214,-0.0058001987636089325,0.08065986633300781,0.9132699370384216,0.15331211686134338,0.3674902319908142,0.0,0.0,0.0,0.0,0.0,0.0,0.0,0.0
2.8811020851135254,0.0225590318441391,0.0016963777597993612,0.11943107098340988,-0.16612522304058075,-0.2076370269060135,0.042233750224113464,0.3616006374359131,1.1100900173187256,7.770394325256348,0.3485250771045685,0.0009990495163947344,-0.055405184626579285,0.10007210820913315,0.9195528626441956,0.15398012101650238,0.3670834004878998,0.0,0.0,0.0,0.0,0.0,0.0,0.0,0.0
2.9014124870300293,0.015252453275024891,-0.0029743476770818233,0.11991049349308014,4.9376052629668266e-05,0.035751938819885254,-0.013993238098919392,0.7045590281486511,3.445359706878662,6.174178123474121,0.36876970529556274,0.0041607157327234745,-0.050782617181539536,0.010208722203969955,0.9263753890991211,0.15500114858150482,0.3660183250904083,0.0,0.0,0.0,0.0,0.0,0.0,0.0,0.0
2.9216761589050293,0.022198861464858055,0.0034631239250302315,0.12093117833137512,0.2010667473077774,0.32081472873687744,0.12139934301376343,4.565907955169678,-3.2586941719055176,8.06527328491211,0.36367255449295044,0.025887012481689453,-0.04833479970693588,-0.00044610328041017056,0.9337537288665771,0.1561480611562729,0.3649705648422241,0.0,0.0,0.0,0.0,0.0,0.0,0.0,0.0
2.9420464038848877,0.020245300605893135,0.005969370249658823,0.1219964548945427,-0.14351563155651093,0.12686996161937714,-0.028710560873150826,-2.26643967628479,0.6034876704216003,10.380532264709473,0.40936028957366943,0.02081417478621006,0.011382591910660267,-0.011949715204536915,0.9452286958694458,0.15969333052635193,0.36628302931785583,0.0,0.0,0.0,0.0,0.0,0.0,0.0,0.0
2.962350368499756,0.01933644525706768,0.01168727781623602,0.12163573503494263,-0.08731205016374588,0.20886963605880737,-0.07237432152032852,-0.17894499003887177,1.4469037055969238,12.894822120666504,0.3799290657043457,0.014172130264341831,0.026356196030974388,-0.012547417543828487,0.9551694989204407,0.16167299449443817,0.3658532202243805,0.0,0.0,0.0,0.0,0.0,0.0,0.0,0.0
2.982621669769287,0.016309689730405807,0.012627056799829006,0.11957196891307831,-0.10388749837875366,-0.04734295606613159,-0.09809952229261398,-0.3608453571796417,-1.473151683807373,7.469663143157959,0.37635016441345215,0.03933435305953026,0.06090739369392395,-0.0601586289703846,0.9633883237838745,0.16427737474441528,0.36622971296310425,0.0,0.0,0.0,0.0,0.0,0.0,0.0,0.0
3.0032103061676025,0.01694737933576107,0.010309821926057339,0.11747001856565475,0.09263566881418228,-0.17365197837352753,-0.1243671253323555,-0.32022523880004883,0.015376926399767399,7.017341136932373,0.36140817403793335,0.02765161544084549,0.01497333962470293,-0.1344764530658722,0.9703782796859741,0.16538654267787933,0.3668101727962494,0.0,0.0,0.0,0.0,0.0,0.0,0.0,0.0
3.023691415786743,0.018264921382069588,0.0065484121441841125,0.1152767464518547,0.015493066981434822,-0.18092335760593414,-0.1008763536810875,0.3305503726005554,-0.9593786001205444,8.680316925048828,0.3355320394039154,0.01724845916032791,-0.04228002205491066,-0.10486603528261185,0.9759010076522827,0.16610559821128845,0.3671687841415405,0.0,0.0,0.0,0.0,0.0,0.0,0.0,0.0
3.033961772918701,0.020334428176283836,0.0027826461009681225,0.11333126574754715,0.12974244356155396,-0.15743525326251984,-0.0562327615916729,0.9699615240097046,-0.7024579048156738,6.783657550811768,0.3456709086894989,0.006813439074903727,-0.09591974318027496,-0.13487128913402557,0.9820237755775452,0.16694004833698273,0.36640477180480957,0.0,0.0,0.0,0.0,0.0,0.0,0.0,0.0
3.0542304515838623,0.025182709097862244,0.0002579620049800724,0.11248072981834412,0.15116673707962036,0.05875198170542717,-0.06252826005220413,3.098228693008423,0.0693979486823082,4.266003131866455,0.3755982220172882,-0.004254198167473078,-0.13161343336105347,-0.009784444235265255,0.9889314770698547,0.1677383929491043,0.3645665943622589,0.0,0.0,0.0,0.0,0.0,0.0,0.0,0.0
3.0745136737823486,0.028330765664577484,0.001956305932253599,0.11236495524644852,-0.18898959457874298,-0.11295288801193237,-0.04726167023181915,3.740936517715454,-0.9835014343261719,10.940337181091309,0.3916855752468109,-0.017836859449744225,-0.09912731498479843,0.14680057764053345,0.9967488050460815,0.16838155686855316,0.3624521791934967,0.0,0.0,0.0,0.0,0.0,0.0,0.0,0.0
3.094831705093384,0.021327469497919083,0.001352540566585958,0.11141441017389297,-0.16827818751335144,0.13451576232910156,-0.13089898228645325,-2.8900582790374756,1.2282649278640747,16.313644409179688,0.4019254446029663,0.015341309830546379,0.025533225387334824,0.024489697068929672,1.0058616399765015,0.1717146933078766,0.36588940024375916,0.0,0.0,0.0,0.0,0.0,0.0,0.0,0.0
3.115131378173828,0.018417533487081528,0.006271498743444681,0.10943518579006195,0.06893888115882874,0.17266862094402313,-0.11034747958183289,-0.30663612484931946,-0.43206703662872314,11.435205459594727,0.37850338220596313,0.01850307732820511,0.07971391081809998,-0.0843624696135521,1.0156611204147339,0.1720133274793625,0.36630409955978394,0.0,0.0,0.0,0.0,0.0,0.0,0.0,0.0
3.1354899406433105,0.020351598039269447,0.007831069640815258,0.10921765863895416,0.10241613537073135,-0.01496339775621891,0.039526890963315964,-0.07541578263044357,-0.37974005937576294,10.839771270751953,0.37421759963035583,0.0032287181820720434,0.0847177654504776,-0.02405698411166668,1.0232603549957275,0.17142829298973083,0.3674134314060211,0.0,0.0,0.0,0.0,0.0,0.0,0.0,0.0
3.1558287143707275,0.02373455837368965,0.006243975833058357,0.11043614894151688,0.1421612799167633,-0.14627978205680847,0.07998130470514297,0.5587809085845947,-0.10461980849504471,7.007169246673584,0.3643319606781006,-0.011769616976380348,0.03713173791766167,0.0819736048579216,1.0297181606292725,0.1707998812198639,0.36852723360061646,0.0,0.0,0.0,0.0,0.0,0.0,0.0,0.0
3.1760501861572266,0.02457480877637863,0.0027830922044813633,0.11237886548042297,0.0255042165517807,-0.17271263897418976,0.16666042804718018,0.4392707049846649,-0.5811194777488708,6.211518287658691,0.33724695444107056,-0.011827628128230572,-0.02534712851047516,0.11571744084358215,1.0335890054702759,0.171155646443367,0.3691432476043701,0.0,0.0,0.0,0.0,0.0,0.0,0.0,0.0
3.196467876434326,0.02185053937137127,-0.001885593286715448,0.11442425847053528,-0.3615942895412445,-0.26155826449394226,0.06911957263946533,0.9035099744796753,1.23683500289917,9.950996398925781,0.3490273356437683,-0.019911477342247963,-0.07124815136194229,0.09503068774938583,1.0398240089416504,0.17157338559627533,0.3685128688812256,0.0,0.0,0.0,0.0,0.0,0.0,0.0,0.0
3.2167534828186035,0.01354129146784544,-0.006291390396654606,0.11509977281093597,-0.04182543233036995,0.031348831951618195,0.003597926814109087,2.1341123580932617,1.031585931777954,12.901930809020996,0.3611181080341339,-0.011518757790327072,-0.07530087977647781,-0.058641280978918076,1.0467420816421509,0.17216505110263824,0.3672929108142853,0.0,0.0,0.0,0.0,0.0,0.0,0.0,0.0
3.237168073654175,0.021300988271832466,0.0012463474413380027,0.11539231240749359,0.5732319355010986,0.468898206949234,0.10364940762519836,2.9369356632232666,-1.7431648969650269,-2.4137392044067383,0.349844366312027,-0.0023806970566511154,0.004675096832215786,-0.019184870645403862,1.054089903831482,0.17282254993915558,0.3662899434566498,0.0,0.0,0.0,0.0,0.0,0.0,0.0,0.0
3.2577178478240967,0.02078980579972267,0.006218081805855036,0.11503688991069794,-0.22763100266456604,0.22838294506072998,-0.08980434387922287,-2.3323724269866943,1.3872994184494019,14.825654029846191,0.3940076529979706,0.021637799218297005,0.04011999070644379,-0.12406302988529205,1.0657020807266235,0.1768057644367218,0.36848077178001404,0.0,0.0,0.0,0.0,0.0,0.0,0.0,0.0
3.2782533168792725,0.01702101342380047,0.012997422367334366,0.11371485143899918,-0.2914542555809021,0.2422788441181183,-0.15355364978313446,-0.5110090970993042,1.6511107683181763,13.96213436126709,0.36348816752433777,0.030857516452670097,0.07053080946207047,-0.06393739581108093,1.075352430343628,0.18021124601364136,0.36804312467575073,0.0,0.0,0.0,0.0,0.0,0.0,0.0,0.0
3.298618793487549,0.011411975137889385,0.014485030435025692,0.11119896173477173,-0.1973668783903122,-0.01176332775503397,-0.11335133016109467,0.8162986040115356,-0.5701526999473572,5.630444049835205,0.35932984948158264,0.05864185839891434,0.11185283213853836,-0.05863148346543312,1.0826865434646606,0.18308426439762115,0.36856111884117126,0.0,0.0,0.0,0.0,0.0,0.0,0.0,0.0
3.318887710571289,0.01189064234495163,0.012445890344679356,0.1095113605260849,0.17001068592071533,-0.15767927467823029,-0.10242175310850143,-0.5860903263092041,0.2310754358768463,6.041266441345215,0.3592916429042816,0.06167658418416977,0.060001105070114136,-0.10371511429548264,1.088881492614746,0.18334653973579407,0.36921143531799316,0.0,0.0,0.0,0.0,0.0,0.0,0.0,0.0
